INSERT INTO `users` (`id_User`,`namaUser`, `emailUser`, `passwordUser`,`role`) VALUES
  (1,'Admin 1','a@a','123','Admin'),
  (2,'User 1','q@q','123','User'),
  (3,'User 2','w@w','123','User')
;

INSERT INTO `ref_category_products` (`category_name`, `created_at`, `updated_at`) VALUES
  ('Bass', NULL, NULL),
  ('Guitar', NULL, NULL)
;

INSERT INTO `ref_area_category_parts` (`Area`, `created_at`, `updated_at`) VALUES
  ('Body', NULL, NULL),
  ('General', NULL, NULL),
  ('Parts', NULL, NULL),
  ('Neck', NULL, NULL)
;

INSERT INTO `ref_category_parts` (`id_category_part`, `Area`,`Category`, `Types`) VALUES
  (1,'General','Instrument Type', 'Guitar'),
  (2,'General','Orientation','Guitar'),
  (3,'Body','Shape','Guitar'),
  (4,'Body','Neck Set','Guitar'),
  (5,'Body','Material','Guitar'),
  (6,'Body','Scale Length','Guitar'),
  (7,'Body','Countours','Guitar'),
  (8,'Body','Pickup Route','Guitar'),
  (9,'Body','Front Color','Guitar'),
  (10,'Body','Back Color','Guitar'),
  (11,'Body','Finish Type','Guitar'),
  (12,'Body','Front Binding','Guitar'),
  (13,'Body','Back Binding','Guitar'),
  (14,'Parts','Hardware Color','Guitar'),
  (15,'Parts','Pickguard','Guitar'),
  (16,'Parts','Bridge','Guitar'),
  (17,'Parts','Pickups','Guitar'),
  (18,'Parts','Mounting Rings','Guitar'),
  (19,'Parts','Control Knobs','Guitar'),
  (20,'Parts','Switch','Guitar'),
  (21,'Parts','Jackplate','Guitar'),
  (22,'Parts','Backplate','Guitar'),
  (23,'Parts','Nut','Guitar'),
  (24,'Parts','Tuners','Guitar'),
  (25,'Neck','Neck Shape','Guitar'),
  (26,'Neck','Material','Guitar'),
  (27,'Neck','Neck Width','Guitar'),
  (28,'Neck','Fingerboard','Guitar'),
  (29,'Neck','Fingerboard Radius','Guitar'),
  (30,'Neck','Number Of Frets','Guitar'),
  (31,'Neck','Fret Size','Guitar'),
  (32,'Neck','Fingerboard end','Guitar'),
  (33,'Neck','Inlays','Guitar'),
  (34,'Neck','Inlays Material','Guitar'),
  (35,'Neck','Side Dots','Guitar'),
  (36,'Neck','Headstock Shape','Guitar'),
  (37,'Neck','Reverse Headstock','Guitar'),
  (38,'Neck','Tilt Back Headstock','Guitar'),
  (39,'Neck','Neck Finish','Guitar'),
  (40,'Neck','Headstock Finish','Guitar'),
  (41,'Neck','Fingerboard Binding','Guitar'),
  (42,'Neck','Headstock Binding','Guitar'),
  (43,'Neck','Logo Special Instruction','Guitar'),
  (44,'General','Instrument Type','Bass'),
  (45,'General','Orientation','Bass'),
  (46,'Body','Shape','Bass'),
  (47,'Body','Neck Set','Bass'),
  (48,'Body','Material','Bass'),
  (49,'Body','Scale Length','Bass'),
  (50,'Body','Countours','Bass'),
  (51,'Body','Pickup Route','Bass'),
  (52,'Body','Front Color','Bass'),
  (53,'Body','Back Color','Bass'),
  (54,'Body','Finish Type','Bass'),
  (55,'Body','Front Binding','Bass'),
  (56,'Body','Back Binding','Bass'),
  (57,'Parts','Hardware Color','Bass'),
  (58,'Parts','Pickguard','Bass'),
  (59,'Parts','Bridge','Bass'),
  (60,'Parts','Pickups','Bass'),
  (61,'Parts','Mounting Rings','Bass'),
  (62,'Parts','Control Knobs','Bass'),
  (63,'Parts','Switch','Bass'),
  (64,'Parts','Jackplate','Bass'),
  (65,'Parts','Backplate','Bass'),
  (66,'Parts','Nut','Bass'),
  (67,'Parts','Tuners','Bass'),
  (68,'Neck','Neck Shape','Bass'),
  (69,'Neck','Material','Bass'),
  (70,'Neck','Neck Width','Bass'),
  (71,'Neck','Fingerboard','Bass'),
  (72,'Neck','Fingerboard Radius','Bass'),
  (73,'Neck','Number Of Frets','Bass'),
  (74,'Neck','Fret Size','Bass'),
  (75,'Neck','Fingerboard end','Bass'),
  (76,'Neck','Inlays','Bass'),
  (77,'Neck','Inlays Material','Bass'),
  (78,'Neck','Side Dots','Bass'),
  (79,'Neck','Headstock Shape','Bass'),
  (80,'Neck','Reverse Headstock','Bass'),
  (81,'Neck','Tilt Back Headstock','Bass'),
  (82,'Neck','Neck Finish','Bass'),
  (83,'Neck','Headstock Finish','Bass'),
  (84,'Neck','Fingerboard Binding','Bass'),
  (85,'Neck','Headstock Binding','Bass'),
  (86,'Neck','Logo Special Instruction','Bass')
;

-- INSERT INTO `products` (`id_product`, `nama_product`, `type`, `stok`, `price`, `originalPrice`, `color`, `isContent`, `shortQuotes`, `isSpecial`, `weight`, `detail_product`, `Features`, `mainPhoto`, `created_at`, `updated_at`) VALUES
--   (1, 'Electric Guitar', 'Part', 30, '3000000', '2400000', '-', NULL, NULL, NULL, 2000, '', NULL, NULL, NULL, NULL),
--   (2, 'Acoustic Guitar', 'Part', 30, '2000000', '1600000', '-', NULL, NULL, NULL, 2000, '', NULL, NULL, NULL, NULL),
--   (3, 'Bass Guitar', 'Part', 30, '4000000', '3200000', '-', NULL, NULL, NULL, 2000, '', NULL, NULL, NULL, NULL),
--   (4, 'Semi-Hollow Guitar', 'Part', 30, '5000000', '4000000', '-', NULL, NULL, NULL, 2000, '', NULL, NULL, NULL, NULL),
--   (5, 'Lap Steel Guitar', 'Part', 30, '6000000', '4800000', '-', NULL, NULL, NULL, 2000, '', NULL, NULL, NULL, NULL),
--   (6, 'Right-handed', 'Part', 30, '0', '0', '-', NULL, NULL, NULL, 2000, '', NULL, NULL, NULL, NULL),
--   (7, 'Left-handed', 'Part', 30, '1000000', '800000', '-', NULL, NULL, NULL, 2000, '', NULL, NULL, NULL, NULL),
--   (8, 'Ambidextrous', 'Part', 30, '5000000', '4000000', '-', NULL, NULL, NULL, 2000, '', NULL, NULL, NULL, NULL),
--   (9, 'Reversible', 'Part', 30, '6000000', '4800000', '-', NULL, NULL, NULL, 2000, '', NULL, NULL, NULL, NULL),
--   (10, 'Custom Setup', 'Part', 30, '2000000', '1600000', '-', NULL, NULL, NULL, 2000, '', NULL, NULL, NULL, NULL),
--   (11, 'Stratocaster', 'Part', 30, '4000000', '3200000', '-', NULL, NULL, NULL, 2000, '', NULL, NULL, NULL, NULL),
--   (12, 'Les Paul', 'Part', 30, '5000000', '4000000', '-', NULL, NULL, NULL, 2000, '', NULL, NULL, NULL, NULL),
--   (13, 'Telecaster', 'Part', 30, '4000000', '3200000', '-', NULL, NULL, NULL, 2000, '', NULL, NULL, NULL, NULL),
--   (14, 'Flying V', 'Part', 30, '6000000', '4800000', '-', NULL, NULL, NULL, 2000, '', NULL, NULL, NULL, NULL),
--   (15, 'Explorer', 'Part', 30, '7000000', '5600000', '-', NULL, NULL, NULL, 2000, '', NULL, NULL, NULL, NULL),
--   (16, 'Bolt-on', 'Part', 30, '3000000', '2400000', '-', NULL, NULL, NULL, 2000, '', NULL, NULL, NULL, NULL),
--   (17, 'Set Neck', 'Part', 30, '4000000', '3200000', '-', NULL, NULL, NULL, 2000, '', NULL, NULL, NULL, NULL),
--   (18, 'Neck-through', 'Part', 30, '5000000', '4000000', '-', NULL, NULL, NULL, 2000, '', NULL, NULL, NULL, NULL),
--   (19, 'Glued-in', 'Part', 30, '4500000', '3600000', '-', NULL, NULL, NULL, 2000, '', NULL, NULL, NULL, NULL),
--   (20, 'Hybrid', 'Part', 30, '5500000', '4400000', '-', NULL, NULL, NULL, 2000, '', NULL, NULL, NULL, NULL),
--   (21, 'Alder', 'Part', 30, '2000000', '1600000', '-', NULL, NULL, NULL, 2000, '', NULL, NULL, NULL, NULL),
--   (22, 'Ash', 'Part', 30, '3000000', '2400000', '-', NULL, NULL, NULL, 2000, '', NULL, NULL, NULL, NULL),
--   (23, 'Mahogany', 'Part', 30, '3500000', '2800000', '-', NULL, NULL, NULL, 2000, '', NULL, NULL, NULL, NULL),
--   (24, 'Maple', 'Part', 30, '4000000', '3200000', '-', NULL, NULL, NULL, 2000, '', NULL, NULL, NULL, NULL),
--   (25, 'Basswood', 'Part', 30, '1500000', '1200000', '-', NULL, NULL, NULL, 2000, '', NULL, NULL, NULL, NULL),
--   (26, '24.75\"', 'Part', 30, '3000000', '2400000', '-', NULL, NULL, NULL, 2000, '', NULL, NULL, NULL, NULL),
--   (27, '25.5\"', 'Part', 30, '3500000', '2800000', '-', NULL, NULL, NULL, 2000, '', NULL, NULL, NULL, NULL),
--   (28, '27\" (Baritone)', 'Part', 30, '4000000', '3200000', '-', NULL, NULL, NULL, 2000, '', NULL, NULL, NULL, NULL),
--   (29, '22\"', 'Part', 30, '2800000', '2240000', '-', NULL, NULL, NULL, 2000, '', NULL, NULL, NULL, NULL),
--   (30, 'Multi-scale', 'Part', 30, '4500000', '3600000', '-', NULL, NULL, NULL, 2000, '', NULL, NULL, NULL, NULL),
--   (31, 'Flat-top', 'Part', 30, '2000000', '1600000', '-', NULL, NULL, NULL, 2000, '', NULL, NULL, NULL, NULL),
--   (32, 'Carved-top', 'Part', 30, '2500000', '2000000', '-', NULL, NULL, NULL, 2000, '', NULL, NULL, NULL, NULL),
--   (33, 'Beveled-edge', 'Part', 30, '2200000', '1760000', '-', NULL, NULL, NULL, 2000, '', NULL, NULL, NULL, NULL),
--   (34, 'Arm contour', 'Part', 30, '2100000', '1680000', '-', NULL, NULL, NULL, 2000, '', NULL, NULL, NULL, NULL),
--   (35, 'Belly cut', 'Part', 30, '2300000', '1840000', '-', NULL, NULL, NULL, 2000, '', NULL, NULL, NULL, NULL),
--   (36, 'H-S-S', 'Part', 30, '3000000', '2400000', '-', NULL, NULL, NULL, 2000, '', NULL, NULL, NULL, NULL),
--   (37, 'H-H', 'Part', 30, '3200000', '2560000', '-', NULL, NULL, NULL, 2000, '', NULL, NULL, NULL, NULL),
--   (38, 'S-S-S', 'Part', 30, '2900000', '2320000', '-', NULL, NULL, NULL, 2000, '', NULL, NULL, NULL, NULL),
--   (39, 'H-H-H', 'Part', 30, '3500000', '2800000', '-', NULL, NULL, NULL, 2000, '', NULL, NULL, NULL, NULL),
--   (40, 'P90', 'Part', 30, '3300000', '2640000', '-', NULL, NULL, NULL, 2000, '', NULL, NULL, NULL, NULL),
--   (41, 'Sunburst', 'Part', 30, '1500000', '1200000', '-', NULL, NULL, NULL, 2000, '', NULL, NULL, NULL, NULL),
--   (42, 'Vintage White', 'Part', 30, '1600000', '1280000', '-', NULL, NULL, NULL, 2000, '', NULL, NULL, NULL, NULL),
--   (43, 'Metallic Blue', 'Part', 30, '1800000', '1440000', '-', NULL, NULL, NULL, 2000, '', NULL, NULL, NULL, NULL),
--   (44, 'Natural Wood', 'Part', 30, '1000000', '800000', '-', NULL, NULL, NULL, 2000, '', NULL, NULL, NULL, NULL),
--   (45, 'Black Glossy', 'Part', 30, '2000000', '1600000', '-', NULL, NULL, NULL, 2000, '', NULL, NULL, NULL, NULL),
--   (46, 'Sunburst', 'Part', 30, '1500000', '1200000', '-', NULL, NULL, NULL, 2000, '', NULL, NULL, NULL, NULL),
--   (47, 'Glossy Black', 'Part', 30, '2000000', '1600000', '-', NULL, NULL, NULL, 2000, '', NULL, NULL, NULL, NULL),
--   (48, 'Vintage Natural', 'Part', 30, '1000000', '800000', '-', NULL, NULL, NULL, 2000, '', NULL, NULL, NULL, NULL),
--   (49, 'Satin Black', 'Part', 30, '1800000', '1440000', '-', NULL, NULL, NULL, 2000, '', NULL, NULL, NULL, NULL),
--   (50, 'Glossy White', 'Part', 30, '1600000', '1280000', '-', NULL, NULL, NULL, 2000, '', NULL, NULL, NULL, NULL),
--   (51, 'Glossy', 'Part', 30, '1500000', '1200000', '-', NULL, NULL, NULL, 2000, '', NULL, NULL, NULL, NULL),
--   (52, 'Satin', 'Part', 30, '1600000', '1280000', '-', NULL, NULL, NULL, 2000, '', NULL, NULL, NULL, NULL),
--   (53, 'Matte', 'Part', 30, '1700000', '1360000', '-', NULL, NULL, NULL, 2000, '', NULL, NULL, NULL, NULL),
--   (54, 'Natural', 'Part', 30, '1400000', '1120000', '-', NULL, NULL, NULL, 2000, '', NULL, NULL, NULL, NULL),
--   (55, 'Textured', 'Part', 30, '1800000', '1440000', '-', NULL, NULL, NULL, 2000, '', NULL, NULL, NULL, NULL),
--   (56, 'Single Binding', 'Part', 30, '800000', '640000', '-', NULL, NULL, NULL, 2000, '', NULL, NULL, NULL, NULL),
--   (57, 'Double Binding', 'Part', 30, '1000000', '800000', '-', NULL, NULL, NULL, 2000, '', NULL, NULL, NULL, NULL),
--   (58, 'Ivory Binding', 'Part', 30, '900000', '720000', '-', NULL, NULL, NULL, 2000, '', NULL, NULL, NULL, NULL),
--   (59, 'Cream Binding', 'Part', 30, '850000', '680000', '-', NULL, NULL, NULL, 2000, '', NULL, NULL, NULL, NULL),
--   (60, 'Custom Color Binding', 'Part', 30, '1200000', '960000', '-', NULL, NULL, NULL, 2000, '', NULL, NULL, NULL, NULL),
--   (61, 'Single Binding', 'Part', 30, '800000', '640000', '-', NULL, NULL, NULL, 2000, '', NULL, NULL, NULL, NULL),
--   (62, 'Double Binding', 'Part', 30, '1000000', '800000', '-', NULL, NULL, NULL, 2000, '', NULL, NULL, NULL, NULL),
--   (63, 'Ivory Binding', 'Part', 30, '900000', '720000', '-', NULL, NULL, NULL, 2000, '', NULL, NULL, NULL, NULL),
--   (64, 'Cream Binding', 'Part', 30, '850000', '680000', '-', NULL, NULL, NULL, 2000, '', NULL, NULL, NULL, NULL),
--   (65, 'Custom Color Binding', 'Part', 30, '1200000', '960000', '-', NULL, NULL, NULL, 2000, '', NULL, NULL, NULL, NULL),
--   (66, 'Chrome', 'Part', 30, '1500000', '1200000', '-', NULL, NULL, NULL, 2000, '', NULL, NULL, NULL, NULL),
--   (67, 'Gold', 'Part', 30, '2000000', '1600000', '-', NULL, NULL, NULL, 2000, '', NULL, NULL, NULL, NULL),
--   (68, 'Black Nickel', 'Part', 30, '1800000', '1440000', '-', NULL, NULL, NULL, 2000, '', NULL, NULL, NULL, NULL),
--   (69, 'Brushed Aluminum', 'Part', 30, '1600000', '1280000', '-', NULL, NULL, NULL, 2000, '', NULL, NULL, NULL, NULL),
--   (70, 'Satin Chrome', 'Part', 30, '1700000', '1360000', '-', NULL, NULL, NULL, 2000, '', NULL, NULL, NULL, NULL),
--   (71, 'Tortoise', 'Part', 30, '1000000', '800000', '-', NULL, NULL, NULL, 2000, '', NULL, NULL, NULL, NULL),
--   (72, 'White', 'Part', 30, '800000', '640000', '-', NULL, NULL, NULL, 2000, '', NULL, NULL, NULL, NULL),
--   (73, 'Black', 'Part', 30, '850000', '680000', '-', NULL, NULL, NULL, 2000, '', NULL, NULL, NULL, NULL),
--   (74, 'Mint Green', 'Part', 30, '900000', '720000', '-', NULL, NULL, NULL, 2000, '', NULL, NULL, NULL, NULL),
--   (75, 'Transparent', 'Part', 30, '1200000', '960000', '-', NULL, NULL, NULL, 2000, '', NULL, NULL, NULL, NULL),
--   (76, 'Fixed Bridge', 'Part', 30, '2000000', '1600000', '-', NULL, NULL, NULL, 2000, '', NULL, NULL, NULL, NULL),
--   (77, 'Tremolo Bridge', 'Part', 30, '2500000', '2000000', '-', NULL, NULL, NULL, 2000, '', NULL, NULL, NULL, NULL),
--   (78, 'Floyd Rose', 'Part', 30, '3000000', '2400000', '-', NULL, NULL, NULL, 2000, '', NULL, NULL, NULL, NULL),
--   (79, 'Bigsby', 'Part', 30, '3500000', '2800000', '-', NULL, NULL, NULL, 2000, '', NULL, NULL, NULL, NULL),
--   (80, 'Wraparound', 'Part', 30, '2200000', '1760000', '-', NULL, NULL, NULL, 2000, '', NULL, NULL, NULL, NULL),
--   (81, 'Humbucker', 'Part', 30, '3000000', '2400000', '-', NULL, NULL, NULL, 2000, '', NULL, NULL, NULL, NULL),
--   (82, 'Single Coil', 'Part', 30, '2500000', '2000000', '-', NULL, NULL, NULL, 2000, '', NULL, NULL, NULL, NULL),
--   (83, 'P90', 'Part', 30, '2800000', '2240000', '-', NULL, NULL, NULL, 2000, '', NULL, NULL, NULL, NULL),
--   (84, 'Active Pickup', 'Part', 30, '3500000', '2800000', '-', NULL, NULL, NULL, 2000, '', NULL, NULL, NULL, NULL),
--   (85, 'Mini Humbucker', 'Part', 30, '3200000', '2560000', '-', NULL, NULL, NULL, 2000, '', NULL, NULL, NULL, NULL),
--   (86, 'Plastic Rings', 'Part', 30, '500000', '400000', '-', NULL, NULL, NULL, 2000, '', NULL, NULL, NULL, NULL),
--   (87, 'Metal Rings', 'Part', 30, '700000', '560000', '-', NULL, NULL, NULL, 2000, '', NULL, NULL, NULL, NULL),
--   (88, 'Wood Rings', 'Part', 30, '900000', '720000', '-', NULL, NULL, NULL, 2000, '', NULL, NULL, NULL, NULL),
--   (89, 'Custom Design Rings', 'Part', 30, '1000000', '800000', '-', NULL, NULL, NULL, 2000, '', NULL, NULL, NULL, NULL),
--   (90, 'No Rings', 'Part', 30, '400000', '320000', '-', NULL, NULL, NULL, 2000, '', NULL, NULL, NULL, NULL),
--   (91, 'Dome Knobs', 'Part', 30, '700000', '560000', '-', NULL, NULL, NULL, 2000, '', NULL, NULL, NULL, NULL),
--   (92, 'Speed Knobs', 'Part', 30, '800000', '640000', '-', NULL, NULL, NULL, 2000, '', NULL, NULL, NULL, NULL),
--   (93, 'Bell Knobs', 'Part', 30, '750000', '600000', '-', NULL, NULL, NULL, 2000, '', NULL, NULL, NULL, NULL),
--   (94, 'Skirt Knobs', 'Part', 30, '850000', '680000', '-', NULL, NULL, NULL, 2000, '', NULL, NULL, NULL, NULL),
--   (95, 'Custom Design Knobs', 'Part', 30, '1000000', '800000', '-', NULL, NULL, NULL, 2000, '', NULL, NULL, NULL, NULL),
--   (96, '3-way Switch', 'Part', 30, '1000000', '800000', '-', NULL, NULL, NULL, 2000, '', NULL, NULL, NULL, NULL),
--   (97, '5-way Switch', 'Part', 30, '1200000', '960000', '-', NULL, NULL, NULL, 2000, '', NULL, NULL, NULL, NULL),
--   (98, 'Toggle Switch', 'Part', 30, '1500000', '1200000', '-', NULL, NULL, NULL, 2000, '', NULL, NULL, NULL, NULL),
--   (99, 'Rotary Switch', 'Part', 30, '1700000', '1360000', '-', NULL, NULL, NULL, 2000, '', NULL, NULL, NULL, NULL),
--   (100, 'Custom Switch', 'Part', 30, '2000000', '1600000', '-', NULL, NULL, NULL, 2000, '', NULL, NULL, NULL, NULL),
--   (101, 'Oval Jackplate', 'Part', 30, '500000', '400000', '-', NULL, NULL, NULL, 2000, '', NULL, NULL, NULL, NULL),
--   (102, 'Square Jackplate', 'Part', 30, '600000', '480000', '-', NULL, NULL, NULL, 2000, '', NULL, NULL, NULL, NULL),
--   (103, 'Recessed Jackplate', 'Part', 30, '700000', '560000', '-', NULL, NULL, NULL, 2000, '', NULL, NULL, NULL, NULL),
--   (104, 'Custom Shape Jackplate', 'Part', 30, '900000', '720000', '-', NULL, NULL, NULL, 2000, '', NULL, NULL, NULL, NULL),
--   (105, 'No Jackplate', 'Part', 30, '300000', '240000', '-', NULL, NULL, NULL, 2000, '', NULL, NULL, NULL, NULL),
--   (106, 'Plastic Backplate', 'Part', 30, '300000', '240000', '-', NULL, NULL, NULL, 2000, '', NULL, NULL, NULL, NULL),
--   (107, 'Metal Backplate', 'Part', 30, '500000', '400000', '-', NULL, NULL, NULL, 2000, '', NULL, NULL, NULL, NULL),
--   (108, 'Custom Engraved Backplate', 'Part', 30, '700000', '560000', '-', NULL, NULL, NULL, 2000, '', NULL, NULL, NULL, NULL),
--   (109, 'Transparent Backplate', 'Part', 30, '800000', '640000', '-', NULL, NULL, NULL, 2000, '', NULL, NULL, NULL, NULL),
--   (110, 'No Backplate', 'Part', 30, '200000', '160000', '-', NULL, NULL, NULL, 2000, '', NULL, NULL, NULL, NULL),
--   (111, 'Bone Nut', 'Part', 30, '500000', '400000', '-', NULL, NULL, NULL, 2000, '', NULL, NULL, NULL, NULL),
--   (112, 'Plastic Nut', 'Part', 30, '200000', '160000', '-', NULL, NULL, NULL, 2000, '', NULL, NULL, NULL, NULL),
--   (113, 'Graphite Nut', 'Part', 30, '400000', '320000', '-', NULL, NULL, NULL, 2000, '', NULL, NULL, NULL, NULL),
--   (114, 'Brass Nut', 'Part', 30, '600000', '480000', '-', NULL, NULL, NULL, 2000, '', NULL, NULL, NULL, NULL),
--   (115, 'Stainless Steel Nut', 'Part', 30, '700000', '560000', '-', NULL, NULL, NULL, 2000, '', NULL, NULL, NULL, NULL),
--   (116, 'Locking Tuners', 'Part', 30, '1500000', '1200000', '-', NULL, NULL, NULL, 2000, '', NULL, NULL, NULL, NULL),
--   (117, 'Vintage Tuners', 'Part', 30, '1000000', '800000', '-', NULL, NULL, NULL, 2000, '', NULL, NULL, NULL, NULL),
--   (118, 'Sealed Tuners', 'Part', 30, '1200000', '960000', '-', NULL, NULL, NULL, 2000, '', NULL, NULL, NULL, NULL),
--   (119, 'Open Gear Tuners', 'Part', 30, '900000', '720000', '-', NULL, NULL, NULL, 2000, '', NULL, NULL, NULL, NULL),
--   (120, 'Custom Tuners', 'Part', 30, '2000000', '1600000', '-', NULL, NULL, NULL, 2000, '', NULL, NULL, NULL, NULL),
--   (121, 'C-Shape', 'Part', 30, '800000', '640000', '-', NULL, NULL, NULL, 2000, '', NULL, NULL, NULL, NULL),
--   (122, 'D-Shape', 'Part', 30, '800000', '640000', '-', NULL, NULL, NULL, 2000, '', NULL, NULL, NULL, NULL),
--   (123, 'U-Shape', 'Part', 30, '850000', '680000', '-', NULL, NULL, NULL, 2000, '', NULL, NULL, NULL, NULL),
--   (124, 'V-Shape', 'Part', 30, '850000', '680000', '-', NULL, NULL, NULL, 2000, '', NULL, NULL, NULL, NULL),
--   (125, 'Slim Taper', 'Part', 30, '900000', '720000', '-', NULL, NULL, NULL, 2000, '', NULL, NULL, NULL, NULL),
--   (126, 'Maple', 'Part', 30, '1500000', '1200000', '-', NULL, NULL, NULL, 2000, '', NULL, NULL, NULL, NULL),
--   (127, 'Mahogany', 'Part', 30, '1800000', '1440000', '-', NULL, NULL, NULL, 2000, '', NULL, NULL, NULL, NULL),
--   (128, 'Rosewood', 'Part', 30, '2000000', '1600000', '-', NULL, NULL, NULL, 2000, '', NULL, NULL, NULL, NULL),
--   (129, 'Walnut', 'Part', 30, '1700000', '1360000', '-', NULL, NULL, NULL, 2000, '', NULL, NULL, NULL, NULL),
--   (130, 'Ebony', 'Part', 30, '2200000', '1760000', '-', NULL, NULL, NULL, 2000, '', NULL, NULL, NULL, NULL),
--   (131, '1.65\"', 'Part', 30, '700000', '560000', '-', NULL, NULL, NULL, 2000, '', NULL, NULL, NULL, NULL),
--   (132, '1.68\"', 'Part', 30, '750000', '600000', '-', NULL, NULL, NULL, 2000, '', NULL, NULL, NULL, NULL),
--   (133, '1.69\"', 'Part', 30, '750000', '600000', '-', NULL, NULL, NULL, 2000, '', NULL, NULL, NULL, NULL),
--   (134, '1.75\"', 'Part', 30, '800000', '640000', '-', NULL, NULL, NULL, 2000, '', NULL, NULL, NULL, NULL),
--   (135, 'Custom Width', 'Part', 30, '900000', '720000', '-', NULL, NULL, NULL, 2000, '', NULL, NULL, NULL, NULL),
--   (136, 'Rosewood', 'Part', 30, '2000000', '1600000', '-', NULL, NULL, NULL, 2000, '', NULL, NULL, NULL, NULL),
--   (137, 'Maple', 'Part', 30, '1500000', '1200000', '-', NULL, NULL, NULL, 2000, '', NULL, NULL, NULL, NULL),
--   (138, 'Ebony', 'Part', 30, '2200000', '1760000', '-', NULL, NULL, NULL, 2000, '', NULL, NULL, NULL, NULL),
--   (139, 'Walnut', 'Part', 30, '1700000', '1360000', '-', NULL, NULL, NULL, 2000, '', NULL, NULL, NULL, NULL),
--   (140, 'Pau Ferro', 'Part', 30, '1800000', '1440000', '-', NULL, NULL, NULL, 2000, '', NULL, NULL, NULL, NULL),
--   (141, '7.25\"', 'Part', 30, '800000', '640000', '-', NULL, NULL, NULL, 2000, '', NULL, NULL, NULL, NULL),
--   (142, '9.5\"', 'Part', 30, '850000', '680000', '-', NULL, NULL, NULL, 2000, '', NULL, NULL, NULL, NULL),
--   (143, '12\"', 'Part', 30, '900000', '720000', '-', NULL, NULL, NULL, 2000, '', NULL, NULL, NULL, NULL),
--   (144, '14\"', 'Part', 30, '950000', '760000', '-', NULL, NULL, NULL, 2000, '', NULL, NULL, NULL, NULL),
--   (145, '16\"', 'Part', 30, '1000000', '800000', '-', NULL, NULL, NULL, 2000, '', NULL, NULL, NULL, NULL),
--   (146, '21 Frets', 'Part', 30, '700000', '560000', '-', NULL, NULL, NULL, 2000, '', NULL, NULL, NULL, NULL),
--   (147, '22 Frets', 'Part', 30, '750000', '600000', '-', NULL, NULL, NULL, 2000, '', NULL, NULL, NULL, NULL),
--   (148, '24 Frets', 'Part', 30, '800000', '640000', '-', NULL, NULL, NULL, 2000, '', NULL, NULL, NULL, NULL),
--   (149, 'Jumbo Frets', 'Part', 30, '850000', '680000', '-', NULL, NULL, NULL, 2000, '', NULL, NULL, NULL, NULL),
--   (150, 'Medium Frets', 'Part', 30, '900000', '720000', '-', NULL, NULL, NULL, 2000, '', NULL, NULL, NULL, NULL),
--   (151, 'Medium Frets', 'Part', 30, '700000', '560000', '-', NULL, NULL, NULL, 2000, '', NULL, NULL, NULL, NULL),
--   (152, 'Jumbo Frets', 'Part', 30, '800000', '640000', '-', NULL, NULL, NULL, 2000, '', NULL, NULL, NULL, NULL),
--   (153, 'Narrow Frets', 'Part', 30, '600000', '480000', '-', NULL, NULL, NULL, 2000, '', NULL, NULL, NULL, NULL),
--   (154, 'Wide Frets', 'Part', 30, '750000', '600000', '-', NULL, NULL, NULL, 2000, '', NULL, NULL, NULL, NULL),
--   (155, 'Custom Frets', 'Part', 30, '1000000', '800000', '-', NULL, NULL, NULL, 2000, '', NULL, NULL, NULL, NULL),
--   (156, 'Rounded End', 'Part', 30, '700000', '560000', '-', NULL, NULL, NULL, 2000, '', NULL, NULL, NULL, NULL),
--   (157, 'Flat End', 'Part', 30, '700000', '560000', '-', NULL, NULL, NULL, 2000, '', NULL, NULL, NULL, NULL),
--   (158, 'Scalloped End', 'Part', 30, '800000', '640000', '-', NULL, NULL, NULL, 2000, '', NULL, NULL, NULL, NULL),
--   (159, 'Pointed End', 'Part', 30, '750000', '600000', '-', NULL, NULL, NULL, 2000, '', NULL, NULL, NULL, NULL),
--   (160, 'Custom End', 'Part', 30, '900000', '720000', '-', NULL, NULL, NULL, 2000, '', NULL, NULL, NULL, NULL),
--   (161, 'Dot Inlays', 'Part', 30, '500000', '400000', '-', NULL, NULL, NULL, 2000, '', NULL, NULL, NULL, NULL),
--   (162, 'Block Inlays', 'Part', 30, '600000', '480000', '-', NULL, NULL, NULL, 2000, '', NULL, NULL, NULL, NULL),
--   (163, 'Triangle Inlays', 'Part', 30, '700000', '560000', '-', NULL, NULL, NULL, 2000, '', NULL, NULL, NULL, NULL),
--   (164, 'Custom Inlays', 'Part', 30, '900000', '720000', '-', NULL, NULL, NULL, 2000, '', NULL, NULL, NULL, NULL),
--   (165, 'No Inlays', 'Part', 30, '400000', '320000', '-', NULL, NULL, NULL, 2000, '', NULL, NULL, NULL, NULL),
--   (166, 'Mother of Pearl', 'Part', 30, '1000000', '800000', '-', NULL, NULL, NULL, 2000, '', NULL, NULL, NULL, NULL),
--   (167, 'Abalone', 'Part', 30, '1200000', '960000', '-', NULL, NULL, NULL, 2000, '', NULL, NULL, NULL, NULL),
--   (168, 'Acrylic', 'Part', 30, '500000', '400000', '-', NULL, NULL, NULL, 2000, '', NULL, NULL, NULL, NULL),
--   (169, 'Wood', 'Part', 30, '800000', '640000', '-', NULL, NULL, NULL, 2000, '', NULL, NULL, NULL, NULL),
--   (170, 'Custom Material', 'Part', 30, '1500000', '1200000', '-', NULL, NULL, NULL, 2000, '', NULL, NULL, NULL, NULL),
--   (171, 'Standard Side Dots', 'Part', 30, '300000', '240000', '-', NULL, NULL, NULL, 2000, '', NULL, NULL, NULL, NULL),
--   (172, 'Luminous Side Dots', 'Part', 30, '700000', '560000', '-', NULL, NULL, NULL, 2000, '', NULL, NULL, NULL, NULL),
--   (173, 'Custom Side Dots', 'Part', 30, '800000', '640000', '-', NULL, NULL, NULL, 2000, '', NULL, NULL, NULL, NULL),
--   (174, 'Offset Side Dots', 'Part', 30, '500000', '400000', '-', NULL, NULL, NULL, 2000, '', NULL, NULL, NULL, NULL),
--   (175, 'No Side Dots', 'Part', 30, '400000', '320000', '-', NULL, NULL, NULL, 2000, '', NULL, NULL, NULL, NULL),
--   (176, 'Standard Headstock', 'Part', 30, '700000', '560000', '-', NULL, NULL, NULL, 2000, '', NULL, NULL, NULL, NULL),
--   (177, 'Reverse Headstock', 'Part', 30, '750000', '600000', '-', NULL, NULL, NULL, 2000, '', NULL, NULL, NULL, NULL),
--   (178, 'Custom Headstock', 'Part', 30, '1000000', '800000', '-', NULL, NULL, NULL, 2000, '', NULL, NULL, NULL, NULL),
--   (179, 'Inline Headstock', 'Part', 30, '800000', '640000', '-', NULL, NULL, NULL, 2000, '', NULL, NULL, NULL, NULL),
--   (180, 'Tilt-back Headstock', 'Part', 30, '850000', '680000', '-', NULL, NULL, NULL, 2000, '', NULL, NULL, NULL, NULL),
--   (181, 'Standard Reverse Headstock', 'Part', 30, '750000', '600000', '-', NULL, NULL, NULL, 2000, '', NULL, NULL, NULL, NULL),
--   (182, 'Custom Reverse Headstock', 'Part', 30, '1000000', '800000', '-', NULL, NULL, NULL, 2000, '', NULL, NULL, NULL, NULL),
--   (183, 'Offset Reverse Headstock', 'Part', 30, '850000', '680000', '-', NULL, NULL, NULL, 2000, '', NULL, NULL, NULL, NULL),
--   (184, 'Inline Reverse Headstock', 'Part', 30, '800000', '640000', '-', NULL, NULL, NULL, 2000, '', NULL, NULL, NULL, NULL),
--   (185, 'Scalloped Reverse Headstock', 'Part', 30, '950000', '760000', '-', NULL, NULL, NULL, 2000, '', NULL, NULL, NULL, NULL),
--   (186, 'Standard Tilt-back', 'Part', 30, '750000', '600000', '-', NULL, NULL, NULL, 2000, '', NULL, NULL, NULL, NULL),
--   (187, 'Extreme Tilt-back', 'Part', 30, '850000', '680000', '-', NULL, NULL, NULL, 2000, '', NULL, NULL, NULL, NULL),
--   (188, 'Custom Tilt-back', 'Part', 30, '1000000', '800000', '-', NULL, NULL, NULL, 2000, '', NULL, NULL, NULL, NULL),
--   (189, 'Scalloped Tilt-back', 'Part', 30, '900000', '720000', '-', NULL, NULL, NULL, 2000, '', NULL, NULL, NULL, NULL),
--   (190, 'Inline Tilt-back', 'Part', 30, '800000', '640000', '-', NULL, NULL, NULL, 2000, '', NULL, NULL, NULL, NULL),
--   (191, 'Glossy Finish', 'Part', 30, '700000', '560000', '-', NULL, NULL, NULL, 2000, '', NULL, NULL, NULL, NULL),
--   (192, 'Satin Finish', 'Part', 30, '750000', '600000', '-', NULL, NULL, NULL, 2000, '', NULL, NULL, NULL, NULL),
--   (193, 'Matte Finish', 'Part', 30, '800000', '640000', '-', NULL, NULL, NULL, 2000, '', NULL, NULL, NULL, NULL),
--   (194, 'Natural Finish', 'Part', 30, '850000', '680000', '-', NULL, NULL, NULL, 2000, '', NULL, NULL, NULL, NULL),
--   (195, 'Custom Finish', 'Part', 30, '1000000', '800000', '-', NULL, NULL, NULL, 2000, '', NULL, NULL, NULL, NULL),
--   (196, 'Glossy Finish', 'Part', 30, '700000', '560000', '-', NULL, NULL, NULL, 2000, '', NULL, NULL, NULL, NULL),
--   (197, 'Satin Finish', 'Part', 30, '750000', '600000', '-', NULL, NULL, NULL, 2000, '', NULL, NULL, NULL, NULL),
--   (198, 'Matte Finish', 'Part', 30, '800000', '640000', '-', NULL, NULL, NULL, 2000, '', NULL, NULL, NULL, NULL),
--   (199, 'Natural Finish', 'Part', 30, '850000', '680000', '-', NULL, NULL, NULL, 2000, '', NULL, NULL, NULL, NULL),
--   (200, 'Custom Finish', 'Part', 30, '1000000', '800000', '-', NULL, NULL, NULL, 2000, '', NULL, NULL, NULL, NULL),
--   (201, 'Single Binding', 'Part', 30, '800000', '640000', '-', NULL, NULL, NULL, 2000, '', NULL, NULL, NULL, NULL),
--   (202, 'Double Binding', 'Part', 30, '1000000', '800000', '-', NULL, NULL, NULL, 2000, '', NULL, NULL, NULL, NULL),
--   (203, 'Ivory Binding', 'Part', 30, '900000', '720000', '-', NULL, NULL, NULL, 2000, '', NULL, NULL, NULL, NULL),
--   (204, 'Cream Binding', 'Part', 30, '850000', '680000', '-', NULL, NULL, NULL, 2000, '', NULL, NULL, NULL, NULL),
--   (205, 'Custom Binding', 'Part', 30, '1200000', '960000', '-', NULL, NULL, NULL, 2000, '', NULL, NULL, NULL, NULL),
--   (206, 'Single Binding', 'Part', 30, '800000', '640000', '-', NULL, NULL, NULL, 2000, '', NULL, NULL, NULL, NULL),
--   (207, 'Double Binding', 'Part', 30, '1000000', '800000', '-', NULL, NULL, NULL, 2000, '', NULL, NULL, NULL, NULL),
--   (208, 'Ivory Binding', 'Part', 30, '900000', '720000', '-', NULL, NULL, NULL, 2000, '', NULL, NULL, NULL, NULL),
--   (209, 'Cream Binding', 'Part', 30, '850000', '680000', '-', NULL, NULL, NULL, 2000, '', NULL, NULL, NULL, NULL),
--   (210, 'Custom Binding', 'Part', 30, '1200000', '960000', '-', NULL, NULL, NULL, 2000, '', NULL, NULL, NULL, NULL),
--   (211, 'Standard Logo', 'Part', 30, '500000', '400000', '-', NULL, NULL, NULL, 2000, '', NULL, NULL, NULL, NULL),
--   (212, 'Custom Logo', 'Part', 30, '1500000', '1200000', '-', NULL, NULL, NULL, 2000, '', NULL, NULL, NULL, NULL),
--   (213, 'Engraved Logo', 'Part', 30, '1000000', '800000', '-', NULL, NULL, NULL, 2000, '', NULL, NULL, NULL, NULL),
--   (214, 'Mother of Pearl Logo', 'Part', 30, '2000000', '1600000', '-', NULL, NULL, NULL, 2000, '', NULL, NULL, NULL, NULL),
--   (215, 'No Logo', 'Part', 30, '0', '0', '-', NULL, NULL, NULL, 2000, '', NULL, NULL, NULL, NULL),
--   (216, 'Electric Bass', 'Part', 30, '3000000', '2400000', '-', NULL, NULL, NULL, 2000, '', NULL, NULL, NULL, NULL),
--   (217, 'Acoustic Bass', 'Part', 30, '2000000', '1600000', '-', NULL, NULL, NULL, 2000, '', NULL, NULL, NULL, NULL),
--   (218, 'Bass Bass', 'Part', 30, '4000000', '3200000', '-', NULL, NULL, NULL, 2000, '', NULL, NULL, NULL, NULL),
--   (219, 'Semi-Hollow Bass', 'Part', 30, '5000000', '4000000', '-', NULL, NULL, NULL, 2000, '', NULL, NULL, NULL, NULL),
--   (220, 'Lap Steel Bass', 'Part', 30, '6000000', '4800000', '-', NULL, NULL, NULL, 2000, '', NULL, NULL, NULL, NULL),
--   (221, 'Right-handed', 'Part', 30, '0', '0', '-', NULL, NULL, NULL, 2000, '', NULL, NULL, NULL, NULL),
--   (222, 'Left-handed', 'Part', 30, '1000000', '800000', '-', NULL, NULL, NULL, 2000, '', NULL, NULL, NULL, NULL),
--   (223, 'Ambidextrous', 'Part', 30, '5000000', '4000000', '-', NULL, NULL, NULL, 2000, '', NULL, NULL, NULL, NULL),
--   (224, 'Reversible', 'Part', 30, '6000000', '4800000', '-', NULL, NULL, NULL, 2000, '', NULL, NULL, NULL, NULL),
--   (225, 'Custom Setup', 'Part', 30, '2000000', '1600000', '-', NULL, NULL, NULL, 2000, '', NULL, NULL, NULL, NULL),
--   (226, 'Stratocaster', 'Part', 30, '4000000', '3200000', '-', NULL, NULL, NULL, 2000, '', NULL, NULL, NULL, NULL),
--   (227, 'Les Paul', 'Part', 30, '5000000', '4000000', '-', NULL, NULL, NULL, 2000, '', NULL, NULL, NULL, NULL),
--   (228, 'Telecaster', 'Part', 30, '4000000', '3200000', '-', NULL, NULL, NULL, 2000, '', NULL, NULL, NULL, NULL),
--   (229, 'Flying V', 'Part', 30, '6000000', '4800000', '-', NULL, NULL, NULL, 2000, '', NULL, NULL, NULL, NULL),
--   (230, 'Explorer', 'Part', 30, '7000000', '5600000', '-', NULL, NULL, NULL, 2000, '', NULL, NULL, NULL, NULL),
--   (231, 'Bolt-on', 'Part', 30, '3000000', '2400000', '-', NULL, NULL, NULL, 2000, '', NULL, NULL, NULL, NULL),
--   (232, 'Set Neck', 'Part', 30, '4000000', '3200000', '-', NULL, NULL, NULL, 2000, '', NULL, NULL, NULL, NULL),
--   (233, 'Neck-through', 'Part', 30, '5000000', '4000000', '-', NULL, NULL, NULL, 2000, '', NULL, NULL, NULL, NULL),
--   (234, 'Glued-in', 'Part', 30, '4500000', '3600000', '-', NULL, NULL, NULL, 2000, '', NULL, NULL, NULL, NULL),
--   (235, 'Hybrid', 'Part', 30, '5500000', '4400000', '-', NULL, NULL, NULL, 2000, '', NULL, NULL, NULL, NULL),
--   (236, 'Alder', 'Part', 30, '2000000', '1600000', '-', NULL, NULL, NULL, 2000, '', NULL, NULL, NULL, NULL),
--   (237, 'Ash', 'Part', 30, '3000000', '2400000', '-', NULL, NULL, NULL, 2000, '', NULL, NULL, NULL, NULL),
--   (238, 'Mahogany', 'Part', 30, '3500000', '2800000', '-', NULL, NULL, NULL, 2000, '', NULL, NULL, NULL, NULL),
--   (239, 'Maple', 'Part', 30, '4000000', '3200000', '-', NULL, NULL, NULL, 2000, '', NULL, NULL, NULL, NULL),
--   (240, 'Basswood', 'Part', 30, '1500000', '1200000', '-', NULL, NULL, NULL, 2000, '', NULL, NULL, NULL, NULL),
--   (241, '24.75\"', 'Part', 30, '3000000', '2400000', '-', NULL, NULL, NULL, 2000, '', NULL, NULL, NULL, NULL),
--   (242, '25.5\"', 'Part', 30, '3500000', '2800000', '-', NULL, NULL, NULL, 2000, '', NULL, NULL, NULL, NULL),
--   (243, '27\" (Baritone)', 'Part', 30, '4000000', '3200000', '-', NULL, NULL, NULL, 2000, '', NULL, NULL, NULL, NULL),
--   (244, '22\"', 'Part', 30, '2800000', '2240000', '-', NULL, NULL, NULL, 2000, '', NULL, NULL, NULL, NULL),
--   (245, 'Multi-scale', 'Part', 30, '4500000', '3600000', '-', NULL, NULL, NULL, 2000, '', NULL, NULL, NULL, NULL),
--   (246, 'Flat-top', 'Part', 30, '2000000', '1600000', '-', NULL, NULL, NULL, 2000, '', NULL, NULL, NULL, NULL),
--   (247, 'Carved-top', 'Part', 30, '2500000', '2000000', '-', NULL, NULL, NULL, 2000, '', NULL, NULL, NULL, NULL),
--   (248, 'Beveled-edge', 'Part', 30, '2200000', '1760000', '-', NULL, NULL, NULL, 2000, '', NULL, NULL, NULL, NULL),
--   (249, 'Arm contour', 'Part', 30, '2100000', '1680000', '-', NULL, NULL, NULL, 2000, '', NULL, NULL, NULL, NULL),
--   (250, 'Belly cut', 'Part', 30, '2300000', '1840000', '-', NULL, NULL, NULL, 2000, '', NULL, NULL, NULL, NULL),
--   (251, 'H-S-S', 'Part', 30, '3000000', '2400000', '-', NULL, NULL, NULL, 2000, '', NULL, NULL, NULL, NULL),
--   (252, 'H-H', 'Part', 30, '3200000', '2560000', '-', NULL, NULL, NULL, 2000, '', NULL, NULL, NULL, NULL),
--   (253, 'S-S-S', 'Part', 30, '2900000', '2320000', '-', NULL, NULL, NULL, 2000, '', NULL, NULL, NULL, NULL),
--   (254, 'H-H-H', 'Part', 30, '3500000', '2800000', '-', NULL, NULL, NULL, 2000, '', NULL, NULL, NULL, NULL),
--   (255, 'P90', 'Part', 30, '3300000', '2640000', '-', NULL, NULL, NULL, 2000, '', NULL, NULL, NULL, NULL),
--   (256, 'Sunburst', 'Part', 30, '1500000', '1200000', '-', NULL, NULL, NULL, 2000, '', NULL, NULL, NULL, NULL),
--   (257, 'Vintage White', 'Part', 30, '1600000', '1280000', '-', NULL, NULL, NULL, 2000, '', NULL, NULL, NULL, NULL),
--   (258, 'Metallic Blue', 'Part', 30, '1800000', '1440000', '-', NULL, NULL, NULL, 2000, '', NULL, NULL, NULL, NULL),
--   (259, 'Natural Wood', 'Part', 30, '1000000', '800000', '-', NULL, NULL, NULL, 2000, '', NULL, NULL, NULL, NULL),
--   (260, 'Black Glossy', 'Part', 30, '2000000', '1600000', '-', NULL, NULL, NULL, 2000, '', NULL, NULL, NULL, NULL),
--   (261, 'Sunburst', 'Part', 30, '1500000', '1200000', '-', NULL, NULL, NULL, 2000, '', NULL, NULL, NULL, NULL),
--   (262, 'Glossy Black', 'Part', 30, '2000000', '1600000', '-', NULL, NULL, NULL, 2000, '', NULL, NULL, NULL, NULL),
--   (263, 'Vintage Natural', 'Part', 30, '1000000', '800000', '-', NULL, NULL, NULL, 2000, '', NULL, NULL, NULL, NULL),
--   (264, 'Satin Black', 'Part', 30, '1800000', '1440000', '-', NULL, NULL, NULL, 2000, '', NULL, NULL, NULL, NULL),
--   (265, 'Glossy White', 'Part', 30, '1600000', '1280000', '-', NULL, NULL, NULL, 2000, '', NULL, NULL, NULL, NULL),
--   (266, 'Glossy', 'Part', 30, '1500000', '1200000', '-', NULL, NULL, NULL, 2000, '', NULL, NULL, NULL, NULL),
--   (267, 'Satin', 'Part', 30, '1600000', '1280000', '-', NULL, NULL, NULL, 2000, '', NULL, NULL, NULL, NULL),
--   (268, 'Matte', 'Part', 30, '1700000', '1360000', '-', NULL, NULL, NULL, 2000, '', NULL, NULL, NULL, NULL),
--   (269, 'Natural', 'Part', 30, '1400000', '1120000', '-', NULL, NULL, NULL, 2000, '', NULL, NULL, NULL, NULL),
--   (270, 'Textured', 'Part', 30, '1800000', '1440000', '-', NULL, NULL, NULL, 2000, '', NULL, NULL, NULL, NULL),
--   (271, 'Single Binding', 'Part', 30, '800000', '640000', '-', NULL, NULL, NULL, 2000, '', NULL, NULL, NULL, NULL),
--   (272, 'Double Binding', 'Part', 30, '1000000', '800000', '-', NULL, NULL, NULL, 2000, '', NULL, NULL, NULL, NULL),
--   (273, 'Ivory Binding', 'Part', 30, '900000', '720000', '-', NULL, NULL, NULL, 2000, '', NULL, NULL, NULL, NULL),
--   (274, 'Cream Binding', 'Part', 30, '850000', '680000', '-', NULL, NULL, NULL, 2000, '', NULL, NULL, NULL, NULL),
--   (275, 'Custom Color Binding', 'Part', 30, '1200000', '960000', '-', NULL, NULL, NULL, 2000, '', NULL, NULL, NULL, NULL),
--   (276, 'Single Binding', 'Part', 30, '800000', '640000', '-', NULL, NULL, NULL, 2000, '', NULL, NULL, NULL, NULL),
--   (277, 'Double Binding', 'Part', 30, '1000000', '800000', '-', NULL, NULL, NULL, 2000, '', NULL, NULL, NULL, NULL),
--   (278, 'Ivory Binding', 'Part', 30, '900000', '720000', '-', NULL, NULL, NULL, 2000, '', NULL, NULL, NULL, NULL),
--   (279, 'Cream Binding', 'Part', 30, '850000', '680000', '-', NULL, NULL, NULL, 2000, '', NULL, NULL, NULL, NULL),
--   (280, 'Custom Color Binding', 'Part', 30, '1200000', '960000', '-', NULL, NULL, NULL, 2000, '', NULL, NULL, NULL, NULL),
--   (281, 'Chrome', 'Part', 30, '1500000', '1200000', '-', NULL, NULL, NULL, 2000, '', NULL, NULL, NULL, NULL),
--   (282, 'Gold', 'Part', 30, '2000000', '1600000', '-', NULL, NULL, NULL, 2000, '', NULL, NULL, NULL, NULL),
--   (283, 'Black Nickel', 'Part', 30, '1800000', '1440000', '-', NULL, NULL, NULL, 2000, '', NULL, NULL, NULL, NULL),
--   (284, 'Brushed Aluminum', 'Part', 30, '1600000', '1280000', '-', NULL, NULL, NULL, 2000, '', NULL, NULL, NULL, NULL),
--   (285, 'Satin Chrome', 'Part', 30, '1700000', '1360000', '-', NULL, NULL, NULL, 2000, '', NULL, NULL, NULL, NULL),
--   (286, 'Tortoise', 'Part', 30, '1000000', '800000', '-', NULL, NULL, NULL, 2000, '', NULL, NULL, NULL, NULL),
--   (287, 'White', 'Part', 30, '800000', '640000', '-', NULL, NULL, NULL, 2000, '', NULL, NULL, NULL, NULL),
--   (288, 'Black', 'Part', 30, '850000', '680000', '-', NULL, NULL, NULL, 2000, '', NULL, NULL, NULL, NULL),
--   (289, 'Mint Green', 'Part', 30, '900000', '720000', '-', NULL, NULL, NULL, 2000, '', NULL, NULL, NULL, NULL),
--   (290, 'Transparent', 'Part', 30, '1200000', '960000', '-', NULL, NULL, NULL, 2000, '', NULL, NULL, NULL, NULL),
--   (291, 'Fixed Bridge', 'Part', 30, '2000000', '1600000', '-', NULL, NULL, NULL, 2000, '', NULL, NULL, NULL, NULL),
--   (292, 'Tremolo Bridge', 'Part', 30, '2500000', '2000000', '-', NULL, NULL, NULL, 2000, '', NULL, NULL, NULL, NULL),
--   (293, 'Floyd Rose', 'Part', 30, '3000000', '2400000', '-', NULL, NULL, NULL, 2000, '', NULL, NULL, NULL, NULL),
--   (294, 'Bigsby', 'Part', 30, '3500000', '2800000', '-', NULL, NULL, NULL, 2000, '', NULL, NULL, NULL, NULL),
--   (295, 'Wraparound', 'Part', 30, '2200000', '1760000', '-', NULL, NULL, NULL, 2000, '', NULL, NULL, NULL, NULL),
--   (296, 'Humbucker', 'Part', 30, '3000000', '2400000', '-', NULL, NULL, NULL, 2000, '', NULL, NULL, NULL, NULL),
--   (297, 'Single Coil', 'Part', 30, '2500000', '2000000', '-', NULL, NULL, NULL, 2000, '', NULL, NULL, NULL, NULL),
--   (298, 'P90', 'Part', 30, '2800000', '2240000', '-', NULL, NULL, NULL, 2000, '', NULL, NULL, NULL, NULL),
--   (299, 'Active Pickup', 'Part', 30, '3500000', '2800000', '-', NULL, NULL, NULL, 2000, '', NULL, NULL, NULL, NULL),
--   (300, 'Mini Humbucker', 'Part', 30, '3200000', '2560000', '-', NULL, NULL, NULL, 2000, '', NULL, NULL, NULL, NULL),
--   (301, 'Plastic Rings', 'Part', 30, '500000', '400000', '-', NULL, NULL, NULL, 2000, '', NULL, NULL, NULL, NULL),
--   (302, 'Metal Rings', 'Part', 30, '700000', '560000', '-', NULL, NULL, NULL, 2000, '', NULL, NULL, NULL, NULL),
--   (303, 'Wood Rings', 'Part', 30, '900000', '720000', '-', NULL, NULL, NULL, 2000, '', NULL, NULL, NULL, NULL),
--   (304, 'Custom Design Rings', 'Part', 30, '1000000', '800000', '-', NULL, NULL, NULL, 2000, '', NULL, NULL, NULL, NULL),
--   (305, 'No Rings', 'Part', 30, '400000', '320000', '-', NULL, NULL, NULL, 2000, '', NULL, NULL, NULL, NULL),
--   (306, 'Dome Knobs', 'Part', 30, '700000', '560000', '-', NULL, NULL, NULL, 2000, '', NULL, NULL, NULL, NULL),
--   (307, 'Speed Knobs', 'Part', 30, '800000', '640000', '-', NULL, NULL, NULL, 2000, '', NULL, NULL, NULL, NULL),
--   (308, 'Bell Knobs', 'Part', 30, '750000', '600000', '-', NULL, NULL, NULL, 2000, '', NULL, NULL, NULL, NULL),
--   (309, 'Skirt Knobs', 'Part', 30, '850000', '680000', '-', NULL, NULL, NULL, 2000, '', NULL, NULL, NULL, NULL),
--   (310, 'Custom Design Knobs', 'Part', 30, '1000000', '800000', '-', NULL, NULL, NULL, 2000, '', NULL, NULL, NULL, NULL),
--   (311, '3-way Switch', 'Part', 30, '1000000', '800000', '-', NULL, NULL, NULL, 2000, '', NULL, NULL, NULL, NULL),
--   (312, '5-way Switch', 'Part', 30, '1200000', '960000', '-', NULL, NULL, NULL, 2000, '', NULL, NULL, NULL, NULL),
--   (313, 'Toggle Switch', 'Part', 30, '1500000', '1200000', '-', NULL, NULL, NULL, 2000, '', NULL, NULL, NULL, NULL),
--   (314, 'Rotary Switch', 'Part', 30, '1700000', '1360000', '-', NULL, NULL, NULL, 2000, '', NULL, NULL, NULL, NULL),
--   (315, 'Custom Switch', 'Part', 30, '2000000', '1600000', '-', NULL, NULL, NULL, 2000, '', NULL, NULL, NULL, NULL),
--   (316, 'Oval Jackplate', 'Part', 30, '500000', '400000', '-', NULL, NULL, NULL, 2000, '', NULL, NULL, NULL, NULL),
--   (317, 'Square Jackplate', 'Part', 30, '600000', '480000', '-', NULL, NULL, NULL, 2000, '', NULL, NULL, NULL, NULL),
--   (318, 'Recessed Jackplate', 'Part', 30, '700000', '560000', '-', NULL, NULL, NULL, 2000, '', NULL, NULL, NULL, NULL),
--   (319, 'Custom Shape Jackplate', 'Part', 30, '900000', '720000', '-', NULL, NULL, NULL, 2000, '', NULL, NULL, NULL, NULL),
--   (320, 'No Jackplate', 'Part', 30, '300000', '240000', '-', NULL, NULL, NULL, 2000, '', NULL, NULL, NULL, NULL),
--   (321, 'Plastic Backplate', 'Part', 30, '300000', '240000', '-', NULL, NULL, NULL, 2000, '', NULL, NULL, NULL, NULL),
--   (322, 'Metal Backplate', 'Part', 30, '500000', '400000', '-', NULL, NULL, NULL, 2000, '', NULL, NULL, NULL, NULL),
--   (323, 'Custom Engraved Backplate', 'Part', 30, '700000', '560000', '-', NULL, NULL, NULL, 2000, '', NULL, NULL, NULL, NULL),
--   (324, 'Transparent Backplate', 'Part', 30, '800000', '640000', '-', NULL, NULL, NULL, 2000, '', NULL, NULL, NULL, NULL),
--   (325, 'No Backplate', 'Part', 30, '200000', '160000', '-', NULL, NULL, NULL, 2000, '', NULL, NULL, NULL, NULL),
--   (326, 'Bone Nut', 'Part', 30, '500000', '400000', '-', NULL, NULL, NULL, 2000, '', NULL, NULL, NULL, NULL),
--   (327, 'Plastic Nut', 'Part', 30, '200000', '160000', '-', NULL, NULL, NULL, 2000, '', NULL, NULL, NULL, NULL),
--   (328, 'Graphite Nut', 'Part', 30, '400000', '320000', '-', NULL, NULL, NULL, 2000, '', NULL, NULL, NULL, NULL),
--   (329, 'Brass Nut', 'Part', 30, '600000', '480000', '-', NULL, NULL, NULL, 2000, '', NULL, NULL, NULL, NULL),
--   (330, 'Stainless Steel Nut', 'Part', 30, '700000', '560000', '-', NULL, NULL, NULL, 2000, '', NULL, NULL, NULL, NULL),
--   (331, 'Locking Tuners', 'Part', 30, '1500000', '1200000', '-', NULL, NULL, NULL, 2000, '', NULL, NULL, NULL, NULL),
--   (332, 'Vintage Tuners', 'Part', 30, '1000000', '800000', '-', NULL, NULL, NULL, 2000, '', NULL, NULL, NULL, NULL),
--   (333, 'Sealed Tuners', 'Part', 30, '1200000', '960000', '-', NULL, NULL, NULL, 2000, '', NULL, NULL, NULL, NULL),
--   (334, 'Open Gear Tuners', 'Part', 30, '900000', '720000', '-', NULL, NULL, NULL, 2000, '', NULL, NULL, NULL, NULL),
--   (335, 'Custom Tuners', 'Part', 30, '2000000', '1600000', '-', NULL, NULL, NULL, 2000, '', NULL, NULL, NULL, NULL),
--   (336, 'C-Shape', 'Part', 30, '800000', '640000', '-', NULL, NULL, NULL, 2000, '', NULL, NULL, NULL, NULL),
--   (337, 'D-Shape', 'Part', 30, '800000', '640000', '-', NULL, NULL, NULL, 2000, '', NULL, NULL, NULL, NULL),
--   (338, 'U-Shape', 'Part', 30, '850000', '680000', '-', NULL, NULL, NULL, 2000, '', NULL, NULL, NULL, NULL),
--   (339, 'V-Shape', 'Part', 30, '850000', '680000', '-', NULL, NULL, NULL, 2000, '', NULL, NULL, NULL, NULL),
--   (340, 'Slim Taper', 'Part', 30, '900000', '720000', '-', NULL, NULL, NULL, 2000, '', NULL, NULL, NULL, NULL),
--   (341, 'Maple', 'Part', 30, '1500000', '1200000', '-', NULL, NULL, NULL, 2000, '', NULL, NULL, NULL, NULL),
--   (342, 'Mahogany', 'Part', 30, '1800000', '1440000', '-', NULL, NULL, NULL, 2000, '', NULL, NULL, NULL, NULL),
--   (343, 'Rosewood', 'Part', 30, '2000000', '1600000', '-', NULL, NULL, NULL, 2000, '', NULL, NULL, NULL, NULL),
--   (344, 'Walnut', 'Part', 30, '1700000', '1360000', '-', NULL, NULL, NULL, 2000, '', NULL, NULL, NULL, NULL),
--   (345, 'Ebony', 'Part', 30, '2200000', '1760000', '-', NULL, NULL, NULL, 2000, '', NULL, NULL, NULL, NULL),
--   (346, '1.65\"', 'Part', 30, '700000', '560000', '-', NULL, NULL, NULL, 2000, '', NULL, NULL, NULL, NULL),
--   (347, '1.68\"', 'Part', 30, '750000', '600000', '-', NULL, NULL, NULL, 2000, '', NULL, NULL, NULL, NULL),
--   (348, '1.69\"', 'Part', 30, '750000', '600000', '-', NULL, NULL, NULL, 2000, '', NULL, NULL, NULL, NULL),
--   (349, '1.75\"', 'Part', 30, '800000', '640000', '-', NULL, NULL, NULL, 2000, '', NULL, NULL, NULL, NULL),
--   (350, 'Custom Width', 'Part', 30, '900000', '720000', '-', NULL, NULL, NULL, 2000, '', NULL, NULL, NULL, NULL),
--   (351, 'Rosewood', 'Part', 30, '2000000', '1600000', '-', NULL, NULL, NULL, 2000, '', NULL, NULL, NULL, NULL),
--   (352, 'Maple', 'Part', 30, '1500000', '1200000', '-', NULL, NULL, NULL, 2000, '', NULL, NULL, NULL, NULL),
--   (353, 'Ebony', 'Part', 30, '2200000', '1760000', '-', NULL, NULL, NULL, 2000, '', NULL, NULL, NULL, NULL),
--   (354, 'Walnut', 'Part', 30, '1700000', '1360000', '-', NULL, NULL, NULL, 2000, '', NULL, NULL, NULL, NULL),
--   (355, 'Pau Ferro', 'Part', 30, '1800000', '1440000', '-', NULL, NULL, NULL, 2000, '', NULL, NULL, NULL, NULL),
--   (356, '7.25\"', 'Part', 30, '800000', '640000', '-', NULL, NULL, NULL, 2000, '', NULL, NULL, NULL, NULL),
--   (357, '9.5\"', 'Part', 30, '850000', '680000', '-', NULL, NULL, NULL, 2000, '', NULL, NULL, NULL, NULL),
--   (358, '12\"', 'Part', 30, '900000', '720000', '-', NULL, NULL, NULL, 2000, '', NULL, NULL, NULL, NULL),
--   (359, '14\"', 'Part', 30, '950000', '760000', '-', NULL, NULL, NULL, 2000, '', NULL, NULL, NULL, NULL),
--   (360, '16\"', 'Part', 30, '1000000', '800000', '-', NULL, NULL, NULL, 2000, '', NULL, NULL, NULL, NULL),
--   (361, '21 Frets', 'Part', 30, '700000', '560000', '-', NULL, NULL, NULL, 2000, '', NULL, NULL, NULL, NULL),
--   (362, '22 Frets', 'Part', 30, '750000', '600000', '-', NULL, NULL, NULL, 2000, '', NULL, NULL, NULL, NULL),
--   (363, '24 Frets', 'Part', 30, '800000', '640000', '-', NULL, NULL, NULL, 2000, '', NULL, NULL, NULL, NULL),
--   (364, 'Jumbo Frets', 'Part', 30, '850000', '680000', '-', NULL, NULL, NULL, 2000, '', NULL, NULL, NULL, NULL),
--   (365, 'Medium Frets', 'Part', 30, '900000', '720000', '-', NULL, NULL, NULL, 2000, '', NULL, NULL, NULL, NULL),
--   (366, 'Medium Frets', 'Part', 30, '700000', '560000', '-', NULL, NULL, NULL, 2000, '', NULL, NULL, NULL, NULL),
--   (367, 'Jumbo Frets', 'Part', 30, '800000', '640000', '-', NULL, NULL, NULL, 2000, '', NULL, NULL, NULL, NULL),
--   (368, 'Narrow Frets', 'Part', 30, '600000', '480000', '-', NULL, NULL, NULL, 2000, '', NULL, NULL, NULL, NULL),
--   (369, 'Wide Frets', 'Part', 30, '750000', '600000', '-', NULL, NULL, NULL, 2000, '', NULL, NULL, NULL, NULL),
--   (370, 'Custom Frets', 'Part', 30, '1000000', '800000', '-', NULL, NULL, NULL, 2000, '', NULL, NULL, NULL, NULL),
--   (371, 'Rounded End', 'Part', 30, '700000', '560000', '-', NULL, NULL, NULL, 2000, '', NULL, NULL, NULL, NULL),
--   (372, 'Flat End', 'Part', 30, '700000', '560000', '-', NULL, NULL, NULL, 2000, '', NULL, NULL, NULL, NULL),
--   (373, 'Scalloped End', 'Part', 30, '800000', '640000', '-', NULL, NULL, NULL, 2000, '', NULL, NULL, NULL, NULL),
--   (374, 'Pointed End', 'Part', 30, '750000', '600000', '-', NULL, NULL, NULL, 2000, '', NULL, NULL, NULL, NULL),
--   (375, 'Custom End', 'Part', 30, '900000', '720000', '-', NULL, NULL, NULL, 2000, '', NULL, NULL, NULL, NULL),
--   (376, 'Dot Inlays', 'Part', 30, '500000', '400000', '-', NULL, NULL, NULL, 2000, '', NULL, NULL, NULL, NULL),
--   (377, 'Block Inlays', 'Part', 30, '600000', '480000', '-', NULL, NULL, NULL, 2000, '', NULL, NULL, NULL, NULL),
--   (378, 'Triangle Inlays', 'Part', 30, '700000', '560000', '-', NULL, NULL, NULL, 2000, '', NULL, NULL, NULL, NULL),
--   (379, 'Custom Inlays', 'Part', 30, '900000', '720000', '-', NULL, NULL, NULL, 2000, '', NULL, NULL, NULL, NULL),
--   (380, 'No Inlays', 'Part', 30, '400000', '320000', '-', NULL, NULL, NULL, 2000, '', NULL, NULL, NULL, NULL),
--   (381, 'Mother of Pearl', 'Part', 30, '1000000', '800000', '-', NULL, NULL, NULL, 2000, '', NULL, NULL, NULL, NULL),
--   (382, 'Abalone', 'Part', 30, '1200000', '960000', '-', NULL, NULL, NULL, 2000, '', NULL, NULL, NULL, NULL),
--   (383, 'Acrylic', 'Part', 30, '500000', '400000', '-', NULL, NULL, NULL, 2000, '', NULL, NULL, NULL, NULL),
--   (384, 'Wood', 'Part', 30, '800000', '640000', '-', NULL, NULL, NULL, 2000, '', NULL, NULL, NULL, NULL),
--   (385, 'Custom Material', 'Part', 30, '1500000', '1200000', '-', NULL, NULL, NULL, 2000, '', NULL, NULL, NULL, NULL),
--   (386, 'Standard Side Dots', 'Part', 30, '300000', '240000', '-', NULL, NULL, NULL, 2000, '', NULL, NULL, NULL, NULL),
--   (387, 'Luminous Side Dots', 'Part', 30, '700000', '560000', '-', NULL, NULL, NULL, 2000, '', NULL, NULL, NULL, NULL),
--   (388, 'Custom Side Dots', 'Part', 30, '800000', '640000', '-', NULL, NULL, NULL, 2000, '', NULL, NULL, NULL, NULL),
--   (389, 'Offset Side Dots', 'Part', 30, '500000', '400000', '-', NULL, NULL, NULL, 2000, '', NULL, NULL, NULL, NULL),
--   (390, 'No Side Dots', 'Part', 30, '400000', '320000', '-', NULL, NULL, NULL, 2000, '', NULL, NULL, NULL, NULL),
--   (391, 'Standard Headstock', 'Part', 30, '700000', '560000', '-', NULL, NULL, NULL, 2000, '', NULL, NULL, NULL, NULL),
--   (392, 'Reverse Headstock', 'Part', 30, '750000', '600000', '-', NULL, NULL, NULL, 2000, '', NULL, NULL, NULL, NULL);
--   INSERT INTO `products` (`id_product`, `nama_product`, `type`, `stok`, `price`, `originalPrice`, `color`, `isContent`, `shortQuotes`, `isSpecial`, `weight`, `detail_product`, `Features`, `mainPhoto`, `created_at`, `updated_at`) VALUES
--   (393, 'Custom Headstock', 'Part', 30, '1000000', '800000', '-', NULL, NULL, NULL, 2000, '', NULL, NULL, NULL, NULL),
--   (394, 'Inline Headstock', 'Part', 30, '800000', '640000', '-', NULL, NULL, NULL, 2000, '', NULL, NULL, NULL, NULL),
--   (395, 'Tilt-back Headstock', 'Part', 30, '850000', '680000', '-', NULL, NULL, NULL, 2000, '', NULL, NULL, NULL, NULL),
--   (396, 'Standard Reverse Headstock', 'Part', 30, '750000', '600000', '-', NULL, NULL, NULL, 2000, '', NULL, NULL, NULL, NULL),
--   (397, 'Custom Reverse Headstock', 'Part', 30, '1000000', '800000', '-', NULL, NULL, NULL, 2000, '', NULL, NULL, NULL, NULL),
--   (398, 'Offset Reverse Headstock', 'Part', 30, '850000', '680000', '-', NULL, NULL, NULL, 2000, '', NULL, NULL, NULL, NULL),
--   (399, 'Inline Reverse Headstock', 'Part', 30, '800000', '640000', '-', NULL, NULL, NULL, 2000, '', NULL, NULL, NULL, NULL),
--   (400, 'Scalloped Reverse Headstock', 'Part', 30, '950000', '760000', '-', NULL, NULL, NULL, 2000, '', NULL, NULL, NULL, NULL),
--   (401, 'Standard Tilt-back', 'Part', 30, '750000', '600000', '-', NULL, NULL, NULL, 2000, '', NULL, NULL, NULL, NULL),
--   (402, 'Extreme Tilt-back', 'Part', 30, '850000', '680000', '-', NULL, NULL, NULL, 2000, '', NULL, NULL, NULL, NULL),
--   (403, 'Custom Tilt-back', 'Part', 30, '1000000', '800000', '-', NULL, NULL, NULL, 2000, '', NULL, NULL, NULL, NULL),
--   (404, 'Scalloped Tilt-back', 'Part', 30, '900000', '720000', '-', NULL, NULL, NULL, 2000, '', NULL, NULL, NULL, NULL),
--   (405, 'Inline Tilt-back', 'Part', 30, '800000', '640000', '-', NULL, NULL, NULL, 2000, '', NULL, NULL, NULL, NULL),
--   (406, 'Glossy Finish', 'Part', 30, '700000', '560000', '-', NULL, NULL, NULL, 2000, '', NULL, NULL, NULL, NULL),
--   (407, 'Satin Finish', 'Part', 30, '750000', '600000', '-', NULL, NULL, NULL, 2000, '', NULL, NULL, NULL, NULL),
--   (408, 'Matte Finish', 'Part', 30, '800000', '640000', '-', NULL, NULL, NULL, 2000, '', NULL, NULL, NULL, NULL),
--   (409, 'Natural Finish', 'Part', 30, '850000', '680000', '-', NULL, NULL, NULL, 2000, '', NULL, NULL, NULL, NULL),
--   (410, 'Custom Finish', 'Part', 30, '1000000', '800000', '-', NULL, NULL, NULL, 2000, '', NULL, NULL, NULL, NULL),
--   (411, 'Glossy Finish', 'Part', 30, '700000', '560000', '-', NULL, NULL, NULL, 2000, '', NULL, NULL, NULL, NULL),
--   (412, 'Satin Finish', 'Part', 30, '750000', '600000', '-', NULL, NULL, NULL, 2000, '', NULL, NULL, NULL, NULL),
--   (413, 'Matte Finish', 'Part', 30, '800000', '640000', '-', NULL, NULL, NULL, 2000, '', NULL, NULL, NULL, NULL),
--   (414, 'Natural Finish', 'Part', 30, '850000', '680000', '-', NULL, NULL, NULL, 2000, '', NULL, NULL, NULL, NULL),
--   (415, 'Custom Finish', 'Part', 30, '1000000', '800000', '-', NULL, NULL, NULL, 2000, '', NULL, NULL, NULL, NULL),
--   (416, 'Single Binding', 'Part', 30, '800000', '640000', '-', NULL, NULL, NULL, 2000, '', NULL, NULL, NULL, NULL),
--   (417, 'Double Binding', 'Part', 30, '1000000', '800000', '-', NULL, NULL, NULL, 2000, '', NULL, NULL, NULL, NULL),
--   (418, 'Ivory Binding', 'Part', 30, '900000', '720000', '-', NULL, NULL, NULL, 2000, '', NULL, NULL, NULL, NULL),
--   (419, 'Cream Binding', 'Part', 30, '850000', '680000', '-', NULL, NULL, NULL, 2000, '', NULL, NULL, NULL, NULL),
--   (420, 'Custom Binding', 'Part', 30, '1200000', '960000', '-', NULL, NULL, NULL, 2000, '', NULL, NULL, NULL, NULL),
--   (421, 'Single Binding', 'Part', 30, '800000', '640000', '-', NULL, NULL, NULL, 2000, '', NULL, NULL, NULL, NULL),
--   (422, 'Double Binding', 'Part', 30, '1000000', '800000', '-', NULL, NULL, NULL, 2000, '', NULL, NULL, NULL, NULL),
--   (423, 'Ivory Binding', 'Part', 30, '900000', '720000', '-', NULL, NULL, NULL, 2000, '', NULL, NULL, NULL, NULL),
--   (424, 'Cream Binding', 'Part', 30, '850000', '680000', '-', NULL, NULL, NULL, 2000, '', NULL, NULL, NULL, NULL),
--   (425, 'Custom Binding', 'Part', 30, '1200000', '960000', '-', NULL, NULL, NULL, 2000, '', NULL, NULL, NULL, NULL),
--   (426, 'Standard Logo', 'Part', 30, '500000', '400000', '-', NULL, NULL, NULL, 2000, '', NULL, NULL, NULL, NULL),
--   (427, 'Custom Logo', 'Part', 30, '1500000', '1200000', '-', NULL, NULL, NULL, 2000, '', NULL, NULL, NULL, NULL),
--   (428, 'Engraved Logo', 'Part', 30, '1000000', '800000', '-', NULL, NULL, NULL, 2000, '', NULL, NULL, NULL, NULL),
--   (429, 'Mother of Pearl Logo', 'Part', 30, '2000000', '1600000', '-', NULL, NULL, NULL, 2000, '', NULL, NULL, NULL, NULL),
--   (430, 'No Logo', 'Part', 30, '0', '0', '-', NULL, NULL, NULL, 2000, '', NULL, NULL, NULL, NULL),
--   (431, 'earum dolores aut animi aliquid delectus', 'Product', 500, '87841796', '70273437', 'Turquoise', NULL, 'rerum ut nihil consequatur eveniet sit sunt et ipsam vel minima ipsa corrupti adipisci est deleniti sint reprehenderit rerum rerum', 'NEW', 4000, 'et excepturi reiciendis dolor odio magnam reiciendis et reprehenderit minima architecto eos quia omnis aut sint saepe voluptas sed molestias et officia velit in vero saepe illum harum esse harum ut velit doloremque ea minus repellat labore ex quasi numquam et praesentium sit eligendi deserunt veritatis consequatur temporibus alias hic', 'sit distinctio nesciunt culpa ut aperiam totam qui ea sit odit ex consequatur facilis nisi deleniti aut aut dolore tenetur voluptatem perspiciatis numquam quibusdam veniam sit aut omnis ut nisi ea et optio praesentium pariatur tempora amet eaque iure ut eos nihil maxime quam ad animi id reiciendis minus quia', NULL, NULL, NULL),
--   (432, 'aut excepturi et et vel qui', 'Product', 400, '2318124', '1854499', 'Maroon', NULL, 'at aliquid et aut iure temporibus ad ea aut consectetur sit cupiditate possimus laboriosam natus ea error quia et qui', 'NEW', 1000, 'sunt perspiciatis doloremque eum voluptatem voluptatibus esse expedita et ut assumenda tenetur veniam consequatur nam et fugit eum totam quia ipsam ut aperiam ab fugit iusto blanditiis suscipit quo ratione provident sed veritatis et beatae quidem laboriosam ex vero voluptatem aut debitis qui ut eveniet pariatur mollitia ratione et unde', 'ut neque quae nemo iusto consequatur blanditiis perspiciatis pariatur possimus vero veritatis nisi deserunt eligendi ut nesciunt nesciunt non quia numquam est assumenda officia enim qui harum voluptates quis aut mollitia est recusandae magni sint voluptas quam sequi sed voluptatem laborum voluptas facilis dolores temporibus ad voluptatum neque ut possimus', NULL, NULL, NULL),
--   (433, 'eius est laboriosam ut nulla repudiandae', 'Product', 100, '67271151', '53816921', 'Turquoise', NULL, 'fugit magnam eum ut sit exercitationem esse sed magnam voluptate blanditiis ut provident hic dolore quam molestiae adipisci ex consectetur', 'NEW', 6000, 'quis magnam vel enim laudantium est a et natus qui nihil consectetur deleniti natus voluptatem nobis similique aut ullam quisquam repudiandae est ipsam sed assumenda et aut in saepe impedit sed eaque possimus laboriosam ab doloremque assumenda sequi temporibus fugiat ex esse ratione sunt iure quod in soluta porro nulla', 'est accusamus aspernatur laborum enim est excepturi aut exercitationem deleniti non ipsum omnis inventore tenetur architecto animi enim architecto voluptates sed nesciunt debitis consectetur quae sapiente minima quo quia in nulla ipsa et pariatur sunt id qui est molestiae porro numquam voluptatibus doloribus perspiciatis voluptatem ut accusantium illo tempora a', NULL, NULL, NULL),
--   (434, 'et qui assumenda aut aut molestiae', 'Product', 700, '74805937', '59844750', 'White', NULL, 'dolorem tempore non porro tempora doloribus et adipisci repellendus est dolores est id tenetur non laborum cumque quo eum aperiam', 'NEW', 1000, 'nihil ullam eaque quo voluptatum adipisci quia maxime iure voluptas molestias ea ut sunt suscipit at magni nobis est quia eveniet tempora dolores est esse voluptatem blanditiis doloremque earum ipsam sequi consequatur et laudantium ut eveniet inventore eum quod vel iusto qui doloremque perferendis autem iste est ex aspernatur ut', 'sed deleniti dolor ut quos ex velit cupiditate ullam asperiores est saepe delectus sed dolore iste totam tempore ipsum qui animi provident at est quidem ad laborum perspiciatis consectetur inventore sequi itaque rerum debitis necessitatibus nostrum similique voluptate quo ex deserunt provident voluptatem perferendis placeat quasi qui rerum ipsam molestiae', NULL, NULL, NULL),
--   (435, 'deserunt voluptas fugit dolore ad minus', 'Product', 100, '2084592', '1667674', 'Green', NULL, 'quidem a est ad blanditiis ea aut repellat consequuntur itaque dolor consequuntur sint ut laboriosam odio ut odit expedita ut', 'NEW', 9000, 'reprehenderit cum vel magni unde consectetur hic porro et enim aut unde ducimus voluptatem sunt iste provident et natus adipisci aut eaque ut autem reiciendis odio aut pariatur incidunt et officiis soluta enim delectus sunt a labore quaerat quisquam aut voluptate porro est sed ducimus voluptate veniam assumenda inventore aliquam', 'tempora asperiores molestiae nesciunt natus laboriosam quod eum accusantium soluta maiores suscipit quisquam sit non provident rerum quasi tempore tenetur dolorum quos enim dolores non fuga quo dolor veritatis ratione cumque minus esse et sed qui accusamus exercitationem sit amet laboriosam libero similique aut voluptatum voluptate nihil qui sit qui', NULL, NULL, NULL),
--   (436, 'libero sunt ipsum beatae nostrum rerum', 'Product', 200, '83855793', '67084634', 'Brown', NULL, 'quisquam nemo aliquid magnam eius sint et dolorum error qui eius enim eaque aut corrupti ut molestiae ut vitae occaecati', 'NEW', 8000, 'quidem nemo facilis sequi debitis et porro nihil et culpa ipsam cumque voluptatem et voluptatem et consectetur non veritatis natus consequatur et itaque vero nostrum mollitia molestiae enim fugiat totam reiciendis corporis maiores explicabo quis veniam sint cum qui dolorem minus porro non quaerat sit voluptatibus temporibus quis fugit aut', 'delectus veritatis et ad nesciunt qui itaque et et nihil nostrum dignissimos est et dolores nisi aut dicta voluptatem laborum maxime quis omnis est eum illo dolore voluptatum vero consequatur illo adipisci consequatur odio et aut tenetur expedita magni eum eveniet in sunt quia fugiat omnis placeat eum in est', NULL, NULL, NULL),
--   (437, 'est sit repellat sed et perspiciatis', 'Product', 700, '78744903', '62995922', 'Brown', NULL, 'repellendus quas dolorem quod officiis nisi et quia enim autem nihil sint aspernatur neque iste deserunt magnam est atque dolorem', 'NEW', 9000, 'ea ullam fugiat a atque deleniti soluta velit iusto itaque et velit laboriosam rerum distinctio aperiam possimus aut eos eos distinctio reprehenderit ut molestias magni id aut saepe earum soluta assumenda impedit id repudiandae ipsum amet et mollitia praesentium quo in labore ut quis eligendi sunt iusto odit expedita quia', 'vel quod repellendus porro non ex provident unde sapiente odio odit neque sed natus sint quia sit ab libero quia eum sed exercitationem voluptas maxime fugiat esse architecto quo id beatae et rerum earum autem ea consequatur occaecati consequatur cum fugit tenetur nostrum placeat et assumenda eum voluptatem est ut', NULL, NULL, NULL),
--   (438, 'enim ad deleniti praesentium similique illo', 'Product', 700, '25940980', '20752784', 'Maroon', NULL, 'consequatur consectetur dolorum dolores est voluptates a sunt neque voluptatum quasi ea ut provident est dignissimos assumenda mollitia animi modi', 'NEW', 4000, 'dolores ipsum iste in et doloribus placeat quaerat eveniet eius praesentium blanditiis sequi voluptatem dolor voluptatem libero aut aut mollitia maiores occaecati nihil sint consequatur neque numquam soluta fuga libero nostrum minima sit molestias velit id ullam officiis sed debitis et consequatur impedit culpa tempora aut nisi error nostrum ullam', 'dolorum atque aut adipisci eos optio quia qui voluptatibus pariatur aut non aut et ex laboriosam molestiae aut officia voluptatibus consequatur corporis voluptas iste aspernatur quisquam id hic qui fugit enim ut corrupti sit placeat possimus eaque necessitatibus aut reiciendis quia dolorum debitis expedita ea dicta sunt ut error placeat', NULL, NULL, NULL),
--   (439, 'et et provident voluptatum molestiae nesciunt', 'Product', 900, '24179374', '19343499', 'Red', NULL, 'possimus dolorum hic culpa soluta aspernatur nemo fugiat consequatur in quod cumque asperiores in et vero ea mollitia voluptas unde', 'NEW', 3000, 'pariatur omnis dolores rerum aliquam aut architecto non perferendis laudantium sint id quibusdam qui omnis esse dolorum ad aliquid voluptatem commodi quos ex placeat a quaerat amet maiores sint aperiam nihil voluptates excepturi dolores totam molestias quia iusto non laudantium cumque voluptatem earum voluptatem aut beatae ullam quibusdam quis perspiciatis', 'quia nesciunt fugiat temporibus voluptas quo tenetur vitae omnis minima voluptatem aut ad sit dolor minima rerum iusto error iste culpa voluptatem numquam vitae cum in qui doloribus quo accusamus atque et velit eum iusto qui sit molestiae est modi aliquid quam maxime laborum veritatis dicta laborum molestias sunt esse', NULL, NULL, NULL),
--   (440, 'eligendi sed ab qui consequatur perferendis', 'Product', 500, '34598235', '27678588', 'Purple', NULL, 'ipsa ut eos voluptatem ut porro voluptates eaque atque pariatur iste necessitatibus suscipit possimus non commodi dolor voluptatem eius vero', 'NEW', 6000, 'ut aut dignissimos esse ex amet laudantium voluptate impedit repudiandae laudantium perspiciatis sit minima illo quis consectetur fuga aliquam voluptate vitae et adipisci qui voluptatem unde repudiandae nisi dolor facere voluptatem ipsum nemo enim et doloremque sit omnis quia voluptas molestiae laboriosam rerum et et aliquid aperiam occaecati corrupti fugit', 'et et non saepe repellendus harum voluptas eum sit vel asperiores officiis aspernatur deleniti impedit ut quia repellat nesciunt dolore quod at quaerat ut illum autem a libero esse ut officia ut tenetur tempore quis aut sint suscipit delectus quisquam molestiae natus quo quibusdam corporis magnam dolore blanditiis recusandae saepe', NULL, NULL, NULL),
--   (441, 'illum aspernatur deserunt ullam consequatur similique', 'Product', 200, '1183856', '947085', 'Brown', NULL, 'praesentium minus doloribus architecto deserunt quibusdam laboriosam sed aut voluptatem et voluptate molestiae atque dignissimos alias itaque aliquam facilis id', 'NEW', 9000, 'est impedit porro voluptatum ut laborum voluptatem qui qui maiores est blanditiis magnam vero quibusdam placeat ab inventore facere aliquam aliquam sunt dolorem quidem consequatur quo aut voluptatem pariatur incidunt sed sit ut consequatur quia pariatur nobis ducimus aperiam voluptas eaque fugiat aspernatur atque id autem quos et in est', 'enim qui officiis et libero tenetur deleniti id tempora voluptates quibusdam et odit eaque saepe repellendus rerum alias mollitia labore ea qui possimus dignissimos vitae rerum natus aliquam natus harum et vitae doloribus veniam ut et sint ullam animi est rerum voluptas dolorem consequuntur iure maiores labore unde quas natus', NULL, NULL, NULL),
--   (442, 'deserunt reprehenderit harum et ex vel', 'Product', 700, '90700578', '72560462', 'Lime', NULL, 'omnis eum libero quibusdam officiis sint temporibus est soluta voluptatem at magni sed iure sit rem nihil incidunt labore commodi', 'NEW', 8000, 'minus ut non laudantium pariatur eum omnis sit incidunt et dolorem adipisci sequi molestias qui consequatur ratione voluptas sit quasi non sed quia reiciendis alias assumenda corrupti autem quo praesentium dicta laborum ipsam molestiae deserunt aliquam placeat aperiam delectus perspiciatis architecto consequatur incidunt doloribus et est rerum fugiat et nostrum', 'eius magni quidem commodi sunt nemo voluptatum a occaecati eos quasi ut est illum eum minima quisquam voluptatem placeat quidem vel est praesentium molestias voluptas ratione consectetur voluptatum porro tenetur omnis veniam eos ipsum tempora eos consectetur sequi quis quis minus laudantium labore molestiae eligendi nihil eveniet amet explicabo aut', NULL, NULL, NULL),
--   (443, 'ut at dicta atque fugit dolorum', 'Product', 600, '9139082', '7311266', 'Blue', NULL, 'et et modi aliquid asperiores enim dolor aliquam quibusdam est et non deserunt similique cupiditate consequatur qui quibusdam exercitationem quam', 'NEW', 3000, 'temporibus in et enim quis iste provident ea fuga cumque aspernatur cum ad consequatur perferendis aliquid possimus officiis soluta libero temporibus ut quam quasi non eos minus quis sunt voluptas ut quia unde non quia placeat fuga a rerum tempore tempore quas ut eum eum aperiam corporis sunt accusamus velit', 'dolores aliquid iste molestiae doloremque voluptatibus nam est quos tempora impedit consequatur impedit laudantium corrupti sint fugiat similique ducimus rerum distinctio ex ut hic voluptates aut incidunt dolor est sed deserunt modi voluptates alias id aliquam maxime eum qui fuga dolores ad qui itaque laborum asperiores ratione excepturi quae sint', NULL, NULL, NULL),
--   (444, 'ut ad voluptatem aut iste impedit', 'Product', 900, '19185740', '15348592', 'Cyan', NULL, 'aspernatur nesciunt et ipsum laboriosam beatae ipsa ipsa ut soluta qui deserunt illo occaecati nesciunt et modi consectetur ratione quia', 'NEW', 7000, 'et et error excepturi enim voluptatem voluptatem ipsa quae laudantium aut impedit tempore atque veniam in repellat rerum rerum sunt ad impedit id minus ab veritatis laudantium consequatur aliquam in qui exercitationem eaque nisi eaque reiciendis deleniti natus hic sequi id quis saepe aut vel velit et est consequuntur eligendi', 'quibusdam totam non quia minus excepturi velit minus doloribus odio consectetur consequuntur excepturi neque asperiores laborum quia ab perspiciatis nemo doloremque explicabo sed natus quo quis praesentium vel dignissimos voluptas assumenda possimus ducimus perspiciatis eligendi rerum tenetur aut blanditiis omnis qui odit aut est nihil quaerat nesciunt eum et quia', NULL, NULL, NULL),
--   (445, 'perferendis voluptate magni nihil exercitationem ullam', 'Product', 300, '7368508', '5894806', 'Red', NULL, 'aut aliquid qui suscipit voluptatem deleniti quos quisquam quaerat consequatur labore nihil ut reprehenderit eum qui quos dolore impedit incidunt', 'NEW', 7000, 'et est molestiae ratione consectetur quam quo eligendi voluptate optio esse ullam corrupti deserunt consequatur voluptas minus aliquid harum natus omnis minima quas animi alias est et laboriosam esse voluptas impedit sed aut odit totam amet et necessitatibus dolorem dolore sunt ducimus vel id pariatur unde consequatur fugit ut autem', 'non dolor officia ut illo sed vero sed quibusdam perferendis eum voluptatem perferendis odit labore aspernatur ipsum enim quo non quis vel voluptatum ut modi cum qui culpa rem et dolorum molestiae velit quia laboriosam tempore est occaecati est molestiae voluptatem aut dolorem qui veritatis excepturi autem repellat ipsum et', NULL, NULL, NULL),
--   (446, 'incidunt non rem quia quidem sit', 'Product', 800, '60557901', '48446321', 'White', NULL, 'quasi autem debitis nesciunt id vel sint omnis aut praesentium aut sed quia excepturi earum rerum autem in qui dolore', 'NEW', 9000, 'quasi ipsam molestias ut quia inventore eos debitis voluptatem magni inventore sint ea quam non laborum reprehenderit soluta et et quia perspiciatis labore sint est atque fuga sit qui pariatur nobis dolore velit qui vitae atque dignissimos et quo ut laborum quia ea occaecati enim et repellendus dolores quae labore', 'consequatur et aut autem non dicta exercitationem nostrum fuga totam tempora saepe nihil magni magnam soluta repellendus voluptatem placeat hic ipsam ea possimus similique autem non alias optio vitae voluptates nihil hic perferendis est aut qui nemo nostrum odio non qui est reprehenderit deleniti quod consequatur dolorum in ipsam sed', NULL, NULL, NULL),
--   (447, 'inventore odio dolore est praesentium aut', 'Product', 600, '9431200', '7544960', 'Gold', NULL, 'sit provident ut ducimus recusandae quasi cumque eius eaque et dicta eos iure saepe explicabo accusamus velit accusamus maiores ad', 'NEW', 8000, 'dolorem praesentium rem in vel provident sunt est dolorum harum placeat consequatur distinctio itaque in modi velit sed ab sint incidunt optio saepe ea exercitationem sit consequatur quia rerum vel beatae consequuntur fugit in magni ea consequatur provident magni et tempore in numquam et voluptatem reiciendis dolorem debitis cum et', 'quis iure ab laboriosam iusto possimus omnis ut et velit error officia ut cum quo quae eligendi optio possimus aut et doloribus et explicabo qui quidem consequatur impedit dolore magnam repellat quis corrupti enim earum porro non et et tempore consequatur mollitia odio ut corrupti dignissimos quos iusto provident laboriosam', NULL, NULL, NULL),
--   (448, 'deleniti deserunt laboriosam vitae sit est', 'Product', 100, '48055766', '38444613', 'Orange', NULL, 'totam facilis inventore necessitatibus distinctio et consequatur necessitatibus ullam aperiam ipsa officia a earum tempore quasi tempore vitae nihil sunt', 'NEW', 3000, 'quos quaerat sint quidem blanditiis tempora ratione itaque et magnam tempora illum nesciunt ut minima deleniti ea est consequatur quam maiores recusandae veniam nisi iusto dolorum incidunt consequuntur libero et facere impedit ut in eum rerum voluptatem non et repellendus et et voluptas architecto rem itaque officia id odio vel', 'aut eos quis pariatur exercitationem et alias aperiam esse qui inventore voluptatibus vel ipsam aut mollitia a consectetur expedita ut numquam dolore illo et vel qui est quidem voluptatibus libero veniam qui repudiandae hic ducimus rem sit earum minus unde rerum et quis quo optio iusto recusandae aspernatur vitae molestias', NULL, NULL, NULL),
--   (449, 'excepturi optio provident hic repudiandae cumque', 'Product', 300, '84299537', '67439630', 'Red', NULL, 'magnam hic ut in consequuntur porro inventore nemo similique modi et ex praesentium et fuga et pariatur sed consequatur laboriosam', 'NEW', 8000, 'at et repellat aut hic et id qui deleniti nulla quis eos ipsa omnis id est est impedit nemo est ut dolores animi quia eius architecto aut ratione sunt odit voluptatem labore ullam distinctio ut pariatur quas ullam animi ut perspiciatis eveniet maxime repellendus nesciunt porro debitis non quibusdam quibusdam', 'sed qui nulla praesentium dolor soluta doloremque odit impedit excepturi qui qui iste dolorem sint quia omnis corrupti nesciunt harum molestias quaerat sunt non voluptates impedit iusto numquam illum aliquam dolores voluptas omnis dolore velit veritatis fugiat ipsam et dicta aut et aperiam culpa doloremque distinctio ipsum suscipit alias recusandae', NULL, NULL, NULL),
--   (450, 'facere labore ullam voluptates enim debitis', 'Product', 500, '66685592', '53348474', 'Turquoise', NULL, 'voluptatem labore sunt aperiam quis non amet quia eum quia dignissimos similique asperiores rerum numquam eius vel possimus voluptas ut', 'NEW', 2000, 'nostrum quo aperiam blanditiis in voluptatem in explicabo explicabo tenetur reiciendis voluptates consequatur praesentium maxime omnis assumenda eum dolor eum neque ullam unde et adipisci eos tempora est placeat impedit et facilis nisi error officiis qui neque repellendus necessitatibus fugit vel dolores dolorem est magnam iusto aspernatur est accusantium est', 'vitae odit accusantium error dolorem et sequi excepturi molestiae corrupti qui quia quo nesciunt inventore quos fuga adipisci harum sapiente saepe eius porro voluptatem repellendus vitae esse beatae maxime asperiores aut est nihil aperiam tempora reiciendis minima minima et suscipit nihil repellendus voluptates mollitia ullam at aut ad saepe veniam', NULL, NULL, NULL),
--   (451, 'cum qui perferendis sint soluta nihil', 'Product', 800, '45981545', '36785236', 'Green', NULL, 'quia eveniet quam consequatur sit architecto corporis ipsum corrupti explicabo illo dolorum velit et corporis temporibus quisquam unde facilis quia', 'NEW', 6000, 'placeat libero doloremque maxime dolorum occaecati consequatur repellat autem nobis unde autem voluptatem delectus porro expedita ipsam doloremque consequatur et architecto qui molestias illum dolor saepe dignissimos est est mollitia fugiat quia itaque numquam animi adipisci dolore sit perferendis assumenda eos expedita nisi aut porro veritatis error asperiores ut eius', 'necessitatibus culpa pariatur officiis cumque cupiditate ullam voluptate eius aut fugit corrupti autem ullam unde ea eum assumenda et est non debitis similique aut est omnis maxime tenetur minima tempore voluptates cum sit aliquid repudiandae error et voluptates et est error dolorem natus quaerat rerum officiis incidunt cumque ut autem', NULL, NULL, NULL),
--   (452, 'voluptatibus enim sit deserunt eaque ut', 'Product', 700, '37552901', '30042321', 'Yellow', NULL, 'sequi et vel dolores rem facere quaerat voluptatem voluptas et omnis aut aut nesciunt nemo dolores est qui earum ut', 'NEW', 9000, 'et aut sint et iste possimus excepturi ab enim autem in quia odit expedita voluptas repudiandae aspernatur ut quam deserunt quis beatae est aut in reiciendis rerum animi recusandae perferendis distinctio sed provident consequatur eaque maxime necessitatibus eos quos qui sit similique rem culpa officiis recusandae necessitatibus et totam aspernatur', 'esse velit sunt hic eveniet qui nobis adipisci accusamus asperiores sit quod ea numquam necessitatibus aut eaque et necessitatibus ipsum et ipsa minus voluptatem enim aperiam enim alias quia rerum porro optio deleniti et adipisci vel necessitatibus neque consequuntur quasi omnis accusantium non vero aliquid quas est in veritatis ut', NULL, NULL, NULL),
--   (453, 'sed eum ex inventore quisquam repellendus', 'Product', 600, '23212136', '18569709', 'Violet', NULL, 'dolore consequuntur vero recusandae qui est repellat nostrum consectetur quis dignissimos fuga saepe porro maxime et quae possimus ea quam', 'NEW', 6000, 'ut inventore eveniet nisi minus quis libero ut quas incidunt qui ab quia earum sit architecto explicabo molestias sit ex non omnis sed aut adipisci ipsam vel aliquid omnis voluptas voluptates maiores dolores provident quo voluptatem tempora recusandae hic qui possimus totam suscipit dolores veritatis assumenda odit vitae aperiam perspiciatis', 'laboriosam aut quibusdam voluptatem tempora eligendi vero fugiat qui pariatur dolorem accusantium pariatur consequatur fugit rerum accusamus sunt fuga sequi voluptate suscipit inventore et error quos tempora explicabo voluptates dolorem sit est corporis voluptas quia voluptatum quia laboriosam excepturi aut voluptatem dolorum dolores nesciunt dolore aperiam amet maiores impedit animi', NULL, NULL, NULL),
--   (454, 'nemo quam explicabo nesciunt animi aperiam', 'Product', 900, '58280547', '46624438', 'Gray', NULL, 'quis unde quam porro accusantium temporibus eius ut rerum soluta quia quibusdam repellat accusamus explicabo architecto aut numquam rem ipsa', 'NEW', 8000, 'nemo pariatur ut ab eum asperiores laborum rerum natus vel et consequatur veritatis voluptates consequatur et totam est nemo magnam minus illo sint dolores est ipsum est perferendis qui assumenda ipsam sed sit sed molestiae modi veniam eveniet officiis culpa ex ea autem quae animi dolorum quasi et doloremque dolorem', 'eum tenetur dolorem vero optio repudiandae officiis ullam et dolore voluptatem possimus voluptatem eum et quidem magni rerum dignissimos qui aut laboriosam minima fuga magnam corrupti aut laudantium blanditiis reiciendis iusto libero ut numquam sit consequatur eum aut labore ipsum voluptatem quam impedit fugiat et aut corrupti maxime voluptatem aspernatur', NULL, NULL, NULL),
--   (455, 'dolorem ab debitis minus ab exercitationem', 'Product', 500, '53201224', '42560979', 'Green', NULL, 'laboriosam qui earum beatae ut rem officiis ut dolorem id sit sit ipsam ipsum placeat eaque ratione culpa id amet', 'NEW', 8000, 'possimus ipsum minima corrupti suscipit nulla aut et occaecati minima assumenda impedit dolores eos qui suscipit necessitatibus voluptatem quibusdam exercitationem nihil pariatur in sequi consequatur enim aut sint qui ut ullam assumenda quia voluptatum consequuntur perspiciatis in temporibus enim rerum rem quo quis voluptatum quo aspernatur eos eveniet dolorem minima', 'voluptatem et fugit est aut sapiente consequatur maxime et numquam laudantium est dolores quae quisquam qui ut et inventore soluta non voluptas aliquid voluptas commodi nihil qui et sequi necessitatibus provident non possimus nostrum veniam voluptatem doloremque nam sed cum sit ipsa et architecto nihil et facilis vitae ut nobis', NULL, NULL, NULL),
--   (456, 'et explicabo provident maxime quae dolore', 'Product', 400, '32110232', '25688186', 'Blue', NULL, 'quam quis voluptate odit assumenda dolor occaecati quibusdam nobis perferendis mollitia non magni in tempora natus quasi qui deserunt debitis', 'NEW', 5000, 'modi consectetur cumque magnam nulla porro ut inventore non ut alias officia dolor ad eos consequatur voluptatem et velit sed molestias at tempore aut harum est ratione ad sed temporibus dolores voluptas rerum ratione consequatur consequatur nemo voluptatem ipsa beatae ut dolorem dolore dolores est eos eos quo eos eum', 'natus quia vitae quia et qui et voluptatem sunt iusto maxime et dolorem et et suscipit in cupiditate nostrum et et recusandae reprehenderit sapiente corrupti eius doloribus quisquam officiis asperiores at explicabo velit nemo illo sint impedit molestiae quisquam ullam inventore sint velit possimus expedita aut perspiciatis ut sed inventore', NULL, NULL, NULL),
--   (457, 'ut adipisci minus molestiae cum nostrum', 'Product', 400, '5792049', '4633639', 'Pink', NULL, 'quidem itaque atque blanditiis commodi quaerat dolorem in iure id esse ab iure cumque commodi ullam hic sequi fugit molestias', 'NEW', 7000, 'eos modi natus iste aliquam quae omnis similique cupiditate vel quo vel illum similique libero et modi nemo est quis consequatur et doloremque nihil atque sequi quos veritatis dolorem suscipit sit quos dignissimos maiores saepe dolorem eos error accusantium non sed non ut expedita non repudiandae sint iste vero ex', 'magnam consequatur nulla sequi minima delectus quae quia vero perspiciatis neque repellendus voluptas totam perspiciatis consequuntur iusto voluptatibus vel maxime ullam dolorem aut enim ut at esse modi itaque in voluptatem nemo illum temporibus voluptas voluptatem dolor tempore non sunt ullam laboriosam qui laborum maxime ullam reiciendis enim nihil qui', NULL, NULL, NULL),
--   (458, 'nostrum porro accusamus cupiditate perspiciatis aperiam', 'Product', 400, '35494979', '28395983', 'Indigo', NULL, 'magni atque aut qui odio aspernatur ut quam voluptatum mollitia voluptatem non velit reprehenderit sint laborum rem omnis eum voluptas', 'NEW', 7000, 'nisi velit minus necessitatibus in in accusantium aliquid cumque iusto dolorum velit similique autem neque ullam voluptatem consequatur non autem sint maiores pariatur hic suscipit dolor eligendi et voluptates iusto autem similique ipsam temporibus quis dicta molestias qui autem consequatur debitis eos aut fuga nam magni quia debitis esse inventore', 'qui voluptas rerum maiores libero aperiam quo aspernatur temporibus sit dolore cupiditate consequuntur omnis id enim vero soluta fugit voluptatem similique impedit ut aliquid adipisci molestiae quidem voluptates et provident enim molestias deserunt ipsam accusamus ea laudantium dolorem asperiores eius ut assumenda sint ex enim est eaque vitae itaque ut', NULL, NULL, NULL),
--   (459, 'quam repellendus in ipsum natus numquam', 'Product', 900, '87205127', '69764102', 'Brown', NULL, 'facilis possimus corrupti earum et consequatur eius fugit est est perferendis a minima facere omnis dolores in voluptatem laudantium voluptates', 'NEW', 2000, 'voluptate autem inventore minus omnis delectus cupiditate et eos pariatur asperiores et aut consequatur provident odio est alias deleniti sint neque harum ipsum voluptas est reiciendis dolores molestiae ab sed quia eius rem quis aut dolore aut quia deleniti eius repudiandae earum beatae sint nostrum et provident consequatur eaque rem', 'sed occaecati sed nobis non illo recusandae aut voluptatum recusandae omnis eum aperiam rerum suscipit qui quia sed officiis cumque quos molestias nesciunt veritatis mollitia provident id qui sunt delectus asperiores in est et vero nihil modi architecto labore alias ut eos voluptate quo ut eum eaque impedit perspiciatis quibusdam', NULL, NULL, NULL),
--   (460, 'eos vel numquam optio molestiae ut', 'Product', 200, '9738629', '7790903', 'Turquoise', NULL, 'deleniti ut eligendi cupiditate debitis quia minus voluptatum architecto nihil incidunt repellat reiciendis ea temporibus recusandae et laborum id qui', 'NEW', 8000, 'sunt maiores pariatur culpa numquam praesentium exercitationem facilis et rerum sint molestias optio necessitatibus porro id sapiente veniam mollitia libero amet nihil aut debitis est magni vitae ipsa repudiandae facilis harum et ut harum pariatur ipsam deleniti aspernatur ea iste officia in est aut reiciendis qui expedita consequatur facere sapiente', 'dolor quia excepturi vel dolorem esse et saepe ut totam et error ut et optio harum sunt architecto et deleniti consectetur quibusdam aut voluptas magni praesentium vitae temporibus sequi magni ipsa nulla molestiae praesentium nobis repudiandae voluptas deleniti nisi soluta recusandae sunt minus tempore minus blanditiis enim quisquam magnam consectetur', NULL, NULL, NULL)
-- ;


-- INSERT INTO `category_parts` (`id`, `id_part`, `id_category_part`, `created_at`, `updated_at`) VALUES
--   (1, 1, 1, NULL, NULL),
--   (2, 2, 1, NULL, NULL),
--   (3, 3, 1, NULL, NULL),
--   (4, 4, 1, NULL, NULL),
--   (5, 5, 1, NULL, NULL),
--   (6, 6, 2, NULL, NULL),
--   (7, 7, 2, NULL, NULL),
--   (8, 8, 2, NULL, NULL),
--   (9, 9, 2, NULL, NULL),
--   (10, 10, 2, NULL, NULL),
--   (11, 11, 3, NULL, NULL),
--   (12, 12, 3, NULL, NULL),
--   (13, 13, 3, NULL, NULL),
--   (14, 14, 3, NULL, NULL),
--   (15, 15, 3, NULL, NULL),
--   (16, 16, 4, NULL, NULL),
--   (17, 17, 4, NULL, NULL),
--   (18, 18, 4, NULL, NULL),
--   (19, 19, 4, NULL, NULL),
--   (20, 20, 4, NULL, NULL),
--   (21, 21, 5, NULL, NULL),
--   (22, 22, 5, NULL, NULL),
--   (23, 23, 5, NULL, NULL),
--   (24, 24, 5, NULL, NULL),
--   (25, 25, 5, NULL, NULL),
--   (26, 26, 6, NULL, NULL),
--   (27, 27, 6, NULL, NULL),
--   (28, 28, 6, NULL, NULL),
--   (29, 29, 6, NULL, NULL),
--   (30, 30, 6, NULL, NULL),
--   (31, 31, 7, NULL, NULL),
--   (32, 32, 7, NULL, NULL),
--   (33, 33, 7, NULL, NULL),
--   (34, 34, 7, NULL, NULL),
--   (35, 35, 7, NULL, NULL),
--   (36, 36, 8, NULL, NULL),
--   (37, 37, 8, NULL, NULL),
--   (38, 38, 8, NULL, NULL),
--   (39, 39, 8, NULL, NULL),
--   (40, 40, 8, NULL, NULL),
--   (41, 41, 9, NULL, NULL),
--   (42, 42, 9, NULL, NULL),
--   (43, 43, 9, NULL, NULL),
--   (44, 44, 9, NULL, NULL),
--   (45, 45, 9, NULL, NULL),
--   (46, 46, 10, NULL, NULL),
--   (47, 47, 10, NULL, NULL),
--   (48, 48, 10, NULL, NULL),
--   (49, 49, 10, NULL, NULL),
--   (50, 50, 10, NULL, NULL),
--   (51, 51, 11, NULL, NULL),
--   (52, 52, 11, NULL, NULL),
--   (53, 53, 11, NULL, NULL),
--   (54, 54, 11, NULL, NULL),
--   (55, 55, 11, NULL, NULL),
--   (56, 56, 12, NULL, NULL),
--   (57, 57, 12, NULL, NULL),
--   (58, 58, 12, NULL, NULL),
--   (59, 59, 12, NULL, NULL),
--   (60, 60, 12, NULL, NULL),
--   (61, 61, 13, NULL, NULL),
--   (62, 62, 13, NULL, NULL),
--   (63, 63, 13, NULL, NULL),
--   (64, 64, 13, NULL, NULL),
--   (65, 65, 13, NULL, NULL),
--   (66, 66, 14, NULL, NULL),
--   (67, 67, 14, NULL, NULL),
--   (68, 68, 14, NULL, NULL),
--   (69, 69, 14, NULL, NULL),
--   (70, 70, 14, NULL, NULL),
--   (71, 71, 15, NULL, NULL),
--   (72, 72, 15, NULL, NULL),
--   (73, 73, 15, NULL, NULL),
--   (74, 74, 15, NULL, NULL),
--   (75, 75, 15, NULL, NULL),
--   (76, 76, 16, NULL, NULL),
--   (77, 77, 16, NULL, NULL),
--   (78, 78, 16, NULL, NULL),
--   (79, 79, 16, NULL, NULL),
--   (80, 80, 16, NULL, NULL),
--   (81, 81, 17, NULL, NULL),
--   (82, 82, 17, NULL, NULL),
--   (83, 83, 17, NULL, NULL),
--   (84, 84, 17, NULL, NULL),
--   (85, 85, 17, NULL, NULL),
--   (86, 86, 18, NULL, NULL),
--   (87, 87, 18, NULL, NULL),
--   (88, 88, 18, NULL, NULL),
--   (89, 89, 18, NULL, NULL),
--   (90, 90, 18, NULL, NULL),
--   (91, 91, 19, NULL, NULL),
--   (92, 92, 19, NULL, NULL),
--   (93, 93, 19, NULL, NULL),
--   (94, 94, 19, NULL, NULL),
--   (95, 95, 19, NULL, NULL),
--   (96, 96, 20, NULL, NULL),
--   (97, 97, 20, NULL, NULL),
--   (98, 98, 20, NULL, NULL),
--   (99, 99, 20, NULL, NULL),
--   (100, 100, 20, NULL, NULL),
--   (101, 101, 21, NULL, NULL),
--   (102, 102, 21, NULL, NULL),
--   (103, 103, 21, NULL, NULL),
--   (104, 104, 21, NULL, NULL),
--   (105, 105, 21, NULL, NULL),
--   (106, 106, 22, NULL, NULL),
--   (107, 107, 22, NULL, NULL),
--   (108, 108, 22, NULL, NULL),
--   (109, 109, 22, NULL, NULL),
--   (110, 110, 22, NULL, NULL),
--   (111, 111, 23, NULL, NULL),
--   (112, 112, 23, NULL, NULL),
--   (113, 113, 23, NULL, NULL),
--   (114, 114, 23, NULL, NULL),
--   (115, 115, 23, NULL, NULL),
--   (116, 116, 24, NULL, NULL),
--   (117, 117, 24, NULL, NULL),
--   (118, 118, 24, NULL, NULL),
--   (119, 119, 24, NULL, NULL),
--   (120, 120, 24, NULL, NULL),
--   (121, 121, 25, NULL, NULL),
--   (122, 122, 25, NULL, NULL),
--   (123, 123, 25, NULL, NULL),
--   (124, 124, 25, NULL, NULL),
--   (125, 125, 25, NULL, NULL),
--   (126, 126, 26, NULL, NULL),
--   (127, 127, 26, NULL, NULL),
--   (128, 128, 26, NULL, NULL),
--   (129, 129, 26, NULL, NULL),
--   (130, 130, 26, NULL, NULL),
--   (131, 131, 27, NULL, NULL),
--   (132, 132, 27, NULL, NULL),
--   (133, 133, 27, NULL, NULL),
--   (134, 134, 27, NULL, NULL),
--   (135, 135, 27, NULL, NULL),
--   (136, 136, 28, NULL, NULL),
--   (137, 137, 28, NULL, NULL),
--   (138, 138, 28, NULL, NULL),
--   (139, 139, 28, NULL, NULL),
--   (140, 140, 28, NULL, NULL),
--   (141, 141, 29, NULL, NULL),
--   (142, 142, 29, NULL, NULL),
--   (143, 143, 29, NULL, NULL),
--   (144, 144, 29, NULL, NULL),
--   (145, 145, 29, NULL, NULL),
--   (146, 146, 30, NULL, NULL),
--   (147, 147, 30, NULL, NULL),
--   (148, 148, 30, NULL, NULL),
--   (149, 149, 30, NULL, NULL),
--   (150, 150, 30, NULL, NULL),
--   (151, 151, 31, NULL, NULL),
--   (152, 152, 31, NULL, NULL),
--   (153, 153, 31, NULL, NULL),
--   (154, 154, 31, NULL, NULL),
--   (155, 155, 31, NULL, NULL),
--   (156, 156, 32, NULL, NULL),
--   (157, 157, 32, NULL, NULL),
--   (158, 158, 32, NULL, NULL),
--   (159, 159, 32, NULL, NULL),
--   (160, 160, 32, NULL, NULL),
--   (161, 161, 33, NULL, NULL),
--   (162, 162, 33, NULL, NULL),
--   (163, 163, 33, NULL, NULL),
--   (164, 164, 33, NULL, NULL),
--   (165, 165, 33, NULL, NULL),
--   (166, 166, 34, NULL, NULL),
--   (167, 167, 34, NULL, NULL),
--   (168, 168, 34, NULL, NULL),
--   (169, 169, 34, NULL, NULL),
--   (170, 170, 34, NULL, NULL),
--   (171, 171, 35, NULL, NULL),
--   (172, 172, 35, NULL, NULL),
--   (173, 173, 35, NULL, NULL),
--   (174, 174, 35, NULL, NULL),
--   (175, 175, 35, NULL, NULL),
--   (176, 176, 36, NULL, NULL),
--   (177, 177, 36, NULL, NULL),
--   (178, 178, 36, NULL, NULL),
--   (179, 179, 36, NULL, NULL),
--   (180, 180, 36, NULL, NULL),
--   (181, 181, 37, NULL, NULL),
--   (182, 182, 37, NULL, NULL),
--   (183, 183, 37, NULL, NULL),
--   (184, 184, 37, NULL, NULL),
--   (185, 185, 37, NULL, NULL),
--   (186, 186, 38, NULL, NULL),
--   (187, 187, 38, NULL, NULL),
--   (188, 188, 38, NULL, NULL),
--   (189, 189, 38, NULL, NULL),
--   (190, 190, 38, NULL, NULL),
--   (191, 191, 39, NULL, NULL),
--   (192, 192, 39, NULL, NULL),
--   (193, 193, 39, NULL, NULL),
--   (194, 194, 39, NULL, NULL),
--   (195, 195, 39, NULL, NULL),
--   (196, 196, 40, NULL, NULL),
--   (197, 197, 40, NULL, NULL),
--   (198, 198, 40, NULL, NULL),
--   (199, 199, 40, NULL, NULL),
--   (200, 200, 40, NULL, NULL),
--   (201, 201, 41, NULL, NULL),
--   (202, 202, 41, NULL, NULL),
--   (203, 203, 41, NULL, NULL),
--   (204, 204, 41, NULL, NULL),
--   (205, 205, 41, NULL, NULL),
--   (206, 206, 42, NULL, NULL),
--   (207, 207, 42, NULL, NULL),
--   (208, 208, 42, NULL, NULL),
--   (209, 209, 42, NULL, NULL),
--   (210, 210, 42, NULL, NULL),
--   (211, 211, 43, NULL, NULL),
--   (212, 212, 43, NULL, NULL),
--   (213, 213, 43, NULL, NULL),
--   (214, 214, 43, NULL, NULL),
--   (215, 215, 43, NULL, NULL),
--   (216, 216, 44, NULL, NULL),
--   (217, 217, 44, NULL, NULL),
--   (218, 218, 44, NULL, NULL),
--   (219, 219, 44, NULL, NULL),
--   (220, 220, 44, NULL, NULL),
--   (221, 221, 45, NULL, NULL),
--   (222, 222, 45, NULL, NULL),
--   (223, 223, 45, NULL, NULL),
--   (224, 224, 45, NULL, NULL),
--   (225, 225, 45, NULL, NULL),
--   (226, 226, 46, NULL, NULL),
--   (227, 227, 46, NULL, NULL),
--   (228, 228, 46, NULL, NULL),
--   (229, 229, 46, NULL, NULL),
--   (230, 230, 46, NULL, NULL),
--   (231, 231, 47, NULL, NULL),
--   (232, 232, 47, NULL, NULL),
--   (233, 233, 47, NULL, NULL),
--   (234, 234, 47, NULL, NULL),
--   (235, 235, 47, NULL, NULL),
--   (236, 236, 48, NULL, NULL),
--   (237, 237, 48, NULL, NULL),
--   (238, 238, 48, NULL, NULL),
--   (239, 239, 48, NULL, NULL),
--   (240, 240, 48, NULL, NULL),
--   (241, 241, 49, NULL, NULL),
--   (242, 242, 49, NULL, NULL),
--   (243, 243, 49, NULL, NULL),
--   (244, 244, 49, NULL, NULL),
--   (245, 245, 49, NULL, NULL),
--   (246, 246, 50, NULL, NULL),
--   (247, 247, 50, NULL, NULL),
--   (248, 248, 50, NULL, NULL),
--   (249, 249, 50, NULL, NULL),
--   (250, 250, 50, NULL, NULL),
--   (251, 251, 51, NULL, NULL),
--   (252, 252, 51, NULL, NULL),
--   (253, 253, 51, NULL, NULL),
--   (254, 254, 51, NULL, NULL),
--   (255, 255, 51, NULL, NULL),
--   (256, 256, 52, NULL, NULL),
--   (257, 257, 52, NULL, NULL),
--   (258, 258, 52, NULL, NULL),
--   (259, 259, 52, NULL, NULL),
--   (260, 260, 52, NULL, NULL),
--   (261, 261, 53, NULL, NULL),
--   (262, 262, 53, NULL, NULL),
--   (263, 263, 53, NULL, NULL),
--   (264, 264, 53, NULL, NULL),
--   (265, 265, 53, NULL, NULL),
--   (266, 266, 54, NULL, NULL),
--   (267, 267, 54, NULL, NULL),
--   (268, 268, 54, NULL, NULL),
--   (269, 269, 54, NULL, NULL),
--   (270, 270, 54, NULL, NULL),
--   (271, 271, 55, NULL, NULL),
--   (272, 272, 55, NULL, NULL),
--   (273, 273, 55, NULL, NULL),
--   (274, 274, 55, NULL, NULL),
--   (275, 275, 55, NULL, NULL),
--   (276, 276, 56, NULL, NULL),
--   (277, 277, 56, NULL, NULL),
--   (278, 278, 56, NULL, NULL),
--   (279, 279, 56, NULL, NULL),
--   (280, 280, 56, NULL, NULL),
--   (281, 281, 57, NULL, NULL),
--   (282, 282, 57, NULL, NULL),
--   (283, 283, 57, NULL, NULL),
--   (284, 284, 57, NULL, NULL),
--   (285, 285, 57, NULL, NULL),
--   (286, 286, 58, NULL, NULL),
--   (287, 287, 58, NULL, NULL),
--   (288, 288, 58, NULL, NULL),
--   (289, 289, 58, NULL, NULL),
--   (290, 290, 58, NULL, NULL),
--   (291, 291, 59, NULL, NULL),
--   (292, 292, 59, NULL, NULL),
--   (293, 293, 59, NULL, NULL),
--   (294, 294, 59, NULL, NULL),
--   (295, 295, 59, NULL, NULL),
--   (296, 296, 60, NULL, NULL),
--   (297, 297, 60, NULL, NULL),
--   (298, 298, 60, NULL, NULL),
--   (299, 299, 60, NULL, NULL),
--   (300, 300, 60, NULL, NULL),
--   (301, 301, 61, NULL, NULL),
--   (302, 302, 61, NULL, NULL),
--   (303, 303, 61, NULL, NULL),
--   (304, 304, 61, NULL, NULL),
--   (305, 305, 61, NULL, NULL),
--   (306, 306, 62, NULL, NULL),
--   (307, 307, 62, NULL, NULL),
--   (308, 308, 62, NULL, NULL),
--   (309, 309, 62, NULL, NULL),
--   (310, 310, 62, NULL, NULL),
--   (311, 311, 63, NULL, NULL),
--   (312, 312, 63, NULL, NULL),
--   (313, 313, 63, NULL, NULL),
--   (314, 314, 63, NULL, NULL),
--   (315, 315, 63, NULL, NULL),
--   (316, 316, 64, NULL, NULL),
--   (317, 317, 64, NULL, NULL),
--   (318, 318, 64, NULL, NULL),
--   (319, 319, 64, NULL, NULL),
--   (320, 320, 64, NULL, NULL),
--   (321, 321, 65, NULL, NULL),
--   (322, 322, 65, NULL, NULL),
--   (323, 323, 65, NULL, NULL),
--   (324, 324, 65, NULL, NULL),
--   (325, 325, 65, NULL, NULL),
--   (326, 326, 66, NULL, NULL),
--   (327, 327, 66, NULL, NULL),
--   (328, 328, 66, NULL, NULL),
--   (329, 329, 66, NULL, NULL),
--   (330, 330, 66, NULL, NULL),
--   (331, 331, 67, NULL, NULL),
--   (332, 332, 67, NULL, NULL),
--   (333, 333, 67, NULL, NULL),
--   (334, 334, 67, NULL, NULL),
--   (335, 335, 67, NULL, NULL),
--   (336, 336, 68, NULL, NULL),
--   (337, 337, 68, NULL, NULL),
--   (338, 338, 68, NULL, NULL),
--   (339, 339, 68, NULL, NULL),
--   (340, 340, 68, NULL, NULL),
--   (341, 341, 69, NULL, NULL),
--   (342, 342, 69, NULL, NULL),
--   (343, 343, 69, NULL, NULL),
--   (344, 344, 69, NULL, NULL),
--   (345, 345, 69, NULL, NULL),
--   (346, 346, 70, NULL, NULL),
--   (347, 347, 70, NULL, NULL),
--   (348, 348, 70, NULL, NULL),
--   (349, 349, 70, NULL, NULL),
--   (350, 350, 70, NULL, NULL),
--   (351, 351, 71, NULL, NULL),
--   (352, 352, 71, NULL, NULL),
--   (353, 353, 71, NULL, NULL),
--   (354, 354, 71, NULL, NULL),
--   (355, 355, 71, NULL, NULL),
--   (356, 356, 72, NULL, NULL),
--   (357, 357, 72, NULL, NULL),
--   (358, 358, 72, NULL, NULL),
--   (359, 359, 72, NULL, NULL),
--   (360, 360, 72, NULL, NULL),
--   (361, 361, 73, NULL, NULL),
--   (362, 362, 73, NULL, NULL),
--   (363, 363, 73, NULL, NULL),
--   (364, 364, 73, NULL, NULL),
--   (365, 365, 73, NULL, NULL),
--   (366, 366, 74, NULL, NULL),
--   (367, 367, 74, NULL, NULL),
--   (368, 368, 74, NULL, NULL),
--   (369, 369, 74, NULL, NULL),
--   (370, 370, 74, NULL, NULL),
--   (371, 371, 75, NULL, NULL),
--   (372, 372, 75, NULL, NULL),
--   (373, 373, 75, NULL, NULL),
--   (374, 374, 75, NULL, NULL),
--   (375, 375, 75, NULL, NULL),
--   (376, 376, 76, NULL, NULL),
--   (377, 377, 76, NULL, NULL),
--   (378, 378, 76, NULL, NULL),
--   (379, 379, 76, NULL, NULL),
--   (380, 380, 76, NULL, NULL),
--   (381, 381, 77, NULL, NULL),
--   (382, 382, 77, NULL, NULL),
--   (383, 383, 77, NULL, NULL),
--   (384, 384, 77, NULL, NULL),
--   (385, 385, 77, NULL, NULL),
--   (386, 386, 78, NULL, NULL),
--   (387, 387, 78, NULL, NULL),
--   (388, 388, 78, NULL, NULL),
--   (389, 389, 78, NULL, NULL),
--   (390, 390, 78, NULL, NULL),
--   (391, 391, 79, NULL, NULL),
--   (392, 392, 79, NULL, NULL),
--   (393, 393, 79, NULL, NULL),
--   (394, 394, 79, NULL, NULL),
--   (395, 395, 79, NULL, NULL),
--   (396, 396, 80, NULL, NULL),
--   (397, 397, 80, NULL, NULL),
--   (398, 398, 80, NULL, NULL),
--   (399, 399, 80, NULL, NULL),
--   (400, 400, 80, NULL, NULL),
--   (401, 401, 81, NULL, NULL),
--   (402, 402, 81, NULL, NULL),
--   (403, 403, 81, NULL, NULL),
--   (404, 404, 81, NULL, NULL),
--   (405, 405, 81, NULL, NULL),
--   (406, 406, 82, NULL, NULL),
--   (407, 407, 82, NULL, NULL),
--   (408, 408, 82, NULL, NULL),
--   (409, 409, 82, NULL, NULL),
--   (410, 410, 82, NULL, NULL),
--   (411, 411, 83, NULL, NULL),
--   (412, 412, 83, NULL, NULL),
--   (413, 413, 83, NULL, NULL),
--   (414, 414, 83, NULL, NULL),
--   (415, 415, 83, NULL, NULL),
--   (416, 416, 84, NULL, NULL),
--   (417, 417, 84, NULL, NULL),
--   (418, 418, 84, NULL, NULL),
--   (419, 419, 84, NULL, NULL),
--   (420, 420, 84, NULL, NULL),
--   (421, 421, 85, NULL, NULL),
--   (422, 422, 85, NULL, NULL),
--   (423, 423, 85, NULL, NULL),
--   (424, 424, 85, NULL, NULL),
--   (425, 425, 85, NULL, NULL),
--   (426, 426, 86, NULL, NULL),
--   (427, 427, 86, NULL, NULL),
--   (428, 428, 86, NULL, NULL),
--   (429, 429, 86, NULL, NULL),
--   (430, 430, 86, NULL, NULL)
-- ;

-- INSERT INTO `category_products` (`id_category_product`, `id_product`, `category_name`, `created_at`, `updated_at`) VALUES
--   (1, 431, 'Bass', NULL, NULL),
--   (2, 432, 'Guitar', NULL, NULL),
--   (3, 433, 'Guitar', NULL, NULL),
--   (4, 434, 'Guitar', NULL, NULL),
--   (5, 435, 'Guitar', NULL, NULL),
--   (6, 436, 'Guitar', NULL, NULL),
--   (7, 437, 'Bass', NULL, NULL),
--   (8, 438, 'Bass', NULL, NULL),
--   (9, 439, 'Bass', NULL, NULL),
--   (10, 440, 'Guitar', NULL, NULL),
--   (11, 441, 'Bass', NULL, NULL),
--   (12, 442, 'Guitar', NULL, NULL),
--   (13, 443, 'Bass', NULL, NULL),
--   (14, 444, 'Guitar', NULL, NULL),
--   (15, 445, 'Bass', NULL, NULL),
--   (16, 446, 'Bass', NULL, NULL),
--   (17, 447, 'Bass', NULL, NULL),
--   (18, 448, 'Guitar', NULL, NULL),
--   (19, 449, 'Guitar', NULL, NULL),
--   (20, 450, 'Bass', NULL, NULL),
--   (21, 451, 'Bass', NULL, NULL),
--   (22, 452, 'Guitar', NULL, NULL),
--   (23, 453, 'Bass', NULL, NULL),
--   (24, 454, 'Guitar', NULL, NULL),
--   (25, 455, 'Guitar', NULL, NULL),
--   (26, 456, 'Bass', NULL, NULL),
--   (27, 457, 'Guitar', NULL, NULL),
--   (28, 458, 'Bass', NULL, NULL),
--   (29, 459, 'Bass', NULL, NULL),
--   (30, 460, 'Guitar', NULL, NULL)
-- ;

DROP TABLE IF EXISTS `cities`;
CREATE TABLE `cities` (
  `city_id` int(11) NOT NULL,
  `province_id` int(11) DEFAULT NULL,
  `city_name` varchar(255) DEFAULT NULL,
  `postal_code` char(5) DEFAULT NULL,
  PRIMARY KEY (`city_id`)
) ENGINE=InnoDB DEFAULT CHARSET=utf8;


INSERT INTO `cities` (`city_id`, `province_id`, `city_name`, `postal_code`) VALUES
  (1,	21,	'Kabupaten Aceh Barat',	'23681'),
  (2,	21,	'Kabupaten Aceh Barat Daya',	'23764'),
  (3,	21,	'Kabupaten Aceh Besar',	'23951'),
  (4,	21,	'Kabupaten Aceh Jaya',	'23654'),
  (5,	21,	'Kabupaten Aceh Selatan',	'23719'),
  (6,	21,	'Kabupaten Aceh Singkil',	'24785'),
  (7,	21,	'Kabupaten Aceh Tamiang',	'24476'),
  (8,	21,	'Kabupaten Aceh Tengah',	'24511'),
  (9,	21,	'Kabupaten Aceh Tenggara',	'24611'),
  (10,	21,	'Kabupaten Aceh Timur',	'24454'),
  (11,	21,	'Kabupaten Aceh Utara',	'24382'),
  (12,	32,	'Kabupaten Agam',	'26411'),
  (13,	23,	'Kabupaten Alor',	'85811'),
  (14,	19,	'Kota Ambon',	'97222'),
  (15,	34,	'Kabupaten Asahan',	'21214'),
  (16,	24,	'Kabupaten Asmat',	'99777'),
  (17,	1,	'Kabupaten Badung',	'80351'),
  (18,	13,	'Kabupaten Balangan',	'71611'),
  (19,	15,	'Kota Balikpapan',	'76111'),
  (20,	21,	'Kota Banda Aceh',	'23238'),
  (21,	18,	'Kota Bandar Lampung',	'35139'),
  (22,	9,	'Kabupaten Bandung',	'40311'),
  (23,	9,	'Kota Bandung',	'40111'),
  (24,	9,	'Kabupaten Bandung Barat',	'40721'),
  (25,	29,	'Kabupaten Banggai',	'94711'),
  (26,	29,	'Kabupaten Banggai Kepulauan',	'94881'),
  (27,	2,	'Kabupaten Bangka',	'33212'),
  (28,	2,	'Kabupaten Bangka Barat',	'33315'),
  (29,	2,	'Kabupaten Bangka Selatan',	'33719'),
  (30,	2,	'Kabupaten Bangka Tengah',	'33613'),
  (31,	11,	'Kabupaten Bangkalan',	'69118'),
  (32,	1,	'Kabupaten Bangli',	'80619'),
  (33,	13,	'Kabupaten Banjar',	'70619'),
  (34,	9,	'Kota Banjar',	'46311'),
  (35,	13,	'Kota Banjarbaru',	'70712'),
  (36,	13,	'Kota Banjarmasin',	'70117'),
  (37,	10,	'Kabupaten Banjarnegara',	'53419'),
  (38,	28,	'Kabupaten Bantaeng',	'92411'),
  (39,	5,	'Kabupaten Bantul',	'55715'),
  (40,	33,	'Kabupaten Banyuasin',	'30911'),
  (41,	10,	'Kabupaten Banyumas',	'53114'),
  (42,	11,	'Kabupaten Banyuwangi',	'68416'),
  (43,	13,	'Kabupaten Barito Kuala',	'70511'),
  (44,	14,	'Kabupaten Barito Selatan',	'73711'),
  (45,	14,	'Kabupaten Barito Timur',	'73671'),
  (46,	14,	'Kabupaten Barito Utara',	'73881'),
  (47,	28,	'Kabupaten Barru',	'90719'),
  (48,	17,	'Kota Batam',	'29413'),
  (49,	10,	'Kabupaten Batang',	'51211'),
  (50,	8,	'Kabupaten Batang Hari',	'36613'),
  (51,	11,	'Kota Batu',	'65311'),
  (52,	34,	'Kabupaten Batu Bara',	'21655'),
  (53,	30,	'Kota Bau-Bau',	'93719'),
  (54,	9,	'Kabupaten Bekasi',	'17837'),
  (55,	9,	'Kota Bekasi',	'17121'),
  (56,	2,	'Kabupaten Belitung',	'33419'),
  (57,	2,	'Kabupaten Belitung Timur',	'33519'),
  (58,	23,	'Kabupaten Belu',	'85711'),
  (59,	21,	'Kabupaten Bener Meriah',	'24581'),
  (60,	26,	'Kabupaten Bengkalis',	'28719'),
  (61,	12,	'Kabupaten Bengkayang',	'79213'),
  (62,	4,	'Kota Bengkulu',	'38229'),
  (63,	4,	'Kabupaten Bengkulu Selatan',	'38519'),
  (64,	4,	'Kabupaten Bengkulu Tengah',	'38319'),
  (65,	4,	'Kabupaten Bengkulu Utara',	'38619'),
  (66,	15,	'Kabupaten Berau',	'77311'),
  (67,	24,	'Kabupaten Biak Numfor',	'98119'),
  (68,	22,	'Kabupaten Bima',	'84171'),
  (69,	22,	'Kota Bima',	'84139'),
  (70,	34,	'Kota Binjai',	'20712'),
  (71,	17,	'Kabupaten Bintan',	'29135'),
  (72,	21,	'Kabupaten Bireuen',	'24219'),
  (73,	31,	'Kota Bitung',	'95512'),
  (74,	11,	'Kabupaten Blitar',	'66171'),
  (75,	11,	'Kota Blitar',	'66124'),
  (76,	10,	'Kabupaten Blora',	'58219'),
  (77,	7,	'Kabupaten Boalemo',	'96319'),
  (78,	9,	'Kabupaten Bogor',	'16911'),
  (79,	9,	'Kota Bogor',	'16119'),
  (80,	11,	'Kabupaten Bojonegoro',	'62119'),
  (81,	31,	'Kabupaten Bolaang Mongondow (Bolmong)',	'95755'),
  (82,	31,	'Kabupaten Bolaang Mongondow Selatan',	'95774'),
  (83,	31,	'Kabupaten Bolaang Mongondow Timur',	'95783'),
  (84,	31,	'Kabupaten Bolaang Mongondow Utara',	'95765'),
  (85,	30,	'Kabupaten Bombana',	'93771'),
  (86,	11,	'Kabupaten Bondowoso',	'68219'),
  (87,	28,	'Kabupaten Bone',	'92713'),
  (88,	7,	'Kabupaten Bone Bolango',	'96511'),
  (89,	15,	'Kota Bontang',	'75313'),
  (90,	24,	'Kabupaten Boven Digoel',	'99662'),
  (91,	10,	'Kabupaten Boyolali',	'57312'),
  (92,	10,	'Kabupaten Brebes',	'52212'),
  (93,	32,	'Kota Bukittinggi',	'26115'),
  (94,	1,	'Kabupaten Buleleng',	'81111'),
  (95,	28,	'Kabupaten Bulukumba',	'92511'),
  (96,	16,	'Kabupaten Bulungan (Bulongan)',	'77211'),
  (97,	8,	'Kabupaten Bungo',	'37216'),
  (98,	29,	'Kabupaten Buol',	'94564'),
  (99,	19,	'Kabupaten Buru',	'97371'),
  (100,	19,	'Kabupaten Buru Selatan',	'97351'),
  (101,	30,	'Kabupaten Buton',	'93754'),
  (102,	30,	'Kabupaten Buton Utara',	'93745'),
  (103,	9,	'Kabupaten Ciamis',	'46211'),
  (104,	9,	'Kabupaten Cianjur',	'43217'),
  (105,	10,	'Kabupaten Cilacap',	'53211'),
  (106,	3,	'Kota Cilegon',	'42417'),
  (107,	9,	'Kota Cimahi',	'40512'),
  (108,	9,	'Kabupaten Cirebon',	'45611'),
  (109,	9,	'Kota Cirebon',	'45116'),
  (110,	34,	'Kabupaten Dairi',	'22211'),
  (111,	24,	'Kabupaten Deiyai (Deliyai)',	'98784'),
  (112,	34,	'Kabupaten Deli Serdang',	'20511'),
  (113,	10,	'Kabupaten Demak',	'59519'),
  (114,	1,	'Kota Denpasar',	'80227'),
  (115,	9,	'Kota Depok',	'16416'),
  (116,	32,	'Kabupaten Dharmasraya',	'27612'),
  (117,	24,	'Kabupaten Dogiyai',	'98866'),
  (118,	22,	'Kabupaten Dompu',	'84217'),
  (119,	29,	'Kabupaten Donggala',	'94341'),
  (120,	26,	'Kota Dumai',	'28811'),
  (121,	33,	'Kabupaten Empat Lawang',	'31811'),
  (122,	23,	'Kabupaten Ende',	'86351'),
  (123,	28,	'Kabupaten Enrekang',	'91719'),
  (124,	25,	'Kabupaten Fakfak',	'98651'),
  (125,	23,	'Kabupaten Flores Timur',	'86213'),
  (126,	9,	'Kabupaten Garut',	'44126'),
  (127,	21,	'Kabupaten Gayo Lues',	'24653'),
  (128,	1,	'Kabupaten Gianyar',	'80519'),
  (129,	7,	'Kabupaten Gorontalo',	'96218'),
  (130,	7,	'Kota Gorontalo',	'96115'),
  (131,	7,	'Kabupaten Gorontalo Utara',	'96611'),
  (132,	28,	'Kabupaten Gowa',	'92111'),
  (133,	11,	'Kabupaten Gresik',	'61115'),
  (134,	10,	'Kabupaten Grobogan',	'58111'),
  (135,	5,	'Kabupaten Gunung Kidul',	'55812'),
  (136,	14,	'Kabupaten Gunung Mas',	'74511'),
  (137,	34,	'Kota Gunungsitoli',	'22813'),
  (138,	20,	'Kabupaten Halmahera Barat',	'97757'),
  (139,	20,	'Kabupaten Halmahera Selatan',	'97911'),
  (140,	20,	'Kabupaten Halmahera Tengah',	'97853'),
  (141,	20,	'Kabupaten Halmahera Timur',	'97862'),
  (142,	20,	'Kabupaten Halmahera Utara',	'97762'),
  (143,	13,	'Kabupaten Hulu Sungai Selatan',	'71212'),
  (144,	13,	'Kabupaten Hulu Sungai Tengah',	'71313'),
  (145,	13,	'Kabupaten Hulu Sungai Utara',	'71419'),
  (146,	34,	'Kabupaten Humbang Hasundutan',	'22457'),
  (147,	26,	'Kabupaten Indragiri Hilir',	'29212'),
  (148,	26,	'Kabupaten Indragiri Hulu',	'29319'),
  (149,	9,	'Kabupaten Indramayu',	'45214'),
  (150,	24,	'Kabupaten Intan Jaya',	'98771'),
  (151,	6,	'Kota Jakarta Barat',	'11220'),
  (152,	6,	'Kota Jakarta Pusat',	'10540'),
  (153,	6,	'Kota Jakarta Selatan',	'12230'),
  (154,	6,	'Kota Jakarta Timur',	'13330'),
  (155,	6,	'Kota Jakarta Utara',	'14140'),
  (156,	8,	'Kota Jambi',	'36111'),
  (157,	24,	'Kabupaten Jayapura',	'99352'),
  (158,	24,	'Kota Jayapura',	'99114'),
  (159,	24,	'Kabupaten Jayawijaya',	'99511'),
  (160,	11,	'Kabupaten Jember',	'68113'),
  (161,	1,	'Kabupaten Jembrana',	'82251'),
  (162,	28,	'Kabupaten Jeneponto',	'92319'),
  (163,	10,	'Kabupaten Jepara',	'59419'),
  (164,	11,	'Kabupaten Jombang',	'61415'),
  (165,	25,	'Kabupaten Kaimana',	'98671'),
  (166,	26,	'Kabupaten Kampar',	'28411'),
  (167,	14,	'Kabupaten Kapuas',	'73583'),
  (168,	12,	'Kabupaten Kapuas Hulu',	'78719'),
  (169,	10,	'Kabupaten Karanganyar',	'57718'),
  (170,	1,	'Kabupaten Karangasem',	'80819'),
  (171,	9,	'Kabupaten Karawang',	'41311'),
  (172,	17,	'Kabupaten Karimun',	'29611'),
  (173,	34,	'Kabupaten Karo',	'22119'),
  (174,	14,	'Kabupaten Katingan',	'74411'),
  (175,	4,	'Kabupaten Kaur',	'38911'),
  (176,	12,	'Kabupaten Kayong Utara',	'78852'),
  (177,	10,	'Kabupaten Kebumen',	'54319'),
  (178,	11,	'Kabupaten Kediri',	'64184'),
  (179,	11,	'Kota Kediri',	'64125'),
  (180,	24,	'Kabupaten Keerom',	'99461'),
  (181,	10,	'Kabupaten Kendal',	'51314'),
  (182,	30,	'Kota Kendari',	'93126'),
  (183,	4,	'Kabupaten Kepahiang',	'39319'),
  (184,	17,	'Kabupaten Kepulauan Anambas',	'29991'),
  (185,	19,	'Kabupaten Kepulauan Aru',	'97681'),
  (186,	32,	'Kabupaten Kepulauan Mentawai',	'25771'),
  (187,	26,	'Kabupaten Kepulauan Meranti',	'28791'),
  (188,	31,	'Kabupaten Kepulauan Sangihe',	'95819'),
  (189,	6,	'Kabupaten Kepulauan Seribu',	'14550'),
  (190,	31,	'Kabupaten Kepulauan Siau Tagulandang Biaro (Sitaro)',	'95862'),
  (191,	20,	'Kabupaten Kepulauan Sula',	'97995'),
  (192,	31,	'Kabupaten Kepulauan Talaud',	'95885'),
  (193,	24,	'Kabupaten Kepulauan Yapen (Yapen Waropen)',	'98211'),
  (194,	8,	'Kabupaten Kerinci',	'37167'),
  (195,	12,	'Kabupaten Ketapang',	'78874'),
  (196,	10,	'Kabupaten Klaten',	'57411'),
  (197,	1,	'Kabupaten Klungkung',	'80719'),
  (198,	30,	'Kabupaten Kolaka',	'93511'),
  (199,	30,	'Kabupaten Kolaka Utara',	'93911'),
  (200,	30,	'Kabupaten Konawe',	'93411'),
  (201,	30,	'Kabupaten Konawe Selatan',	'93811'),
  (202,	30,	'Kabupaten Konawe Utara',	'93311'),
  (203,	13,	'Kabupaten Kotabaru',	'72119'),
  (204,	31,	'Kota Kotamobagu',	'95711'),
  (205,	14,	'Kabupaten Kotawaringin Barat',	'74119'),
  (206,	14,	'Kabupaten Kotawaringin Timur',	'74364'),
  (207,	26,	'Kabupaten Kuantan Singingi',	'29519'),
  (208,	12,	'Kabupaten Kubu Raya',	'78311'),
  (209,	10,	'Kabupaten Kudus',	'59311'),
  (210,	5,	'Kabupaten Kulon Progo',	'55611'),
  (211,	9,	'Kabupaten Kuningan',	'45511'),
  (212,	23,	'Kabupaten Kupang',	'85362'),
  (213,	23,	'Kota Kupang',	'85119'),
  (214,	15,	'Kabupaten Kutai Barat',	'75711'),
  (215,	15,	'Kabupaten Kutai Kartanegara',	'75511'),
  (216,	15,	'Kabupaten Kutai Timur',	'75611'),
  (217,	34,	'Kabupaten Labuhan Batu',	'21412'),
  (218,	34,	'Kabupaten Labuhan Batu Selatan',	'21511'),
  (219,	34,	'Kabupaten Labuhan Batu Utara',	'21711'),
  (220,	33,	'Kabupaten Lahat',	'31419'),
  (221,	14,	'Kabupaten Lamandau',	'74611'),
  (222,	11,	'Kabupaten Lamongan',	'64125'),
  (223,	18,	'Kabupaten Lampung Barat',	'34814'),
  (224,	18,	'Kabupaten Lampung Selatan',	'35511'),
  (225,	18,	'Kabupaten Lampung Tengah',	'34212'),
  (226,	18,	'Kabupaten Lampung Timur',	'34319'),
  (227,	18,	'Kabupaten Lampung Utara',	'34516'),
  (228,	12,	'Kabupaten Landak',	'78319'),
  (229,	34,	'Kabupaten Langkat',	'20811'),
  (230,	21,	'Kota Langsa',	'24412'),
  (231,	24,	'Kabupaten Lanny Jaya',	'99531'),
  (232,	3,	'Kabupaten Lebak',	'42319'),
  (233,	4,	'Kabupaten Lebong',	'39264'),
  (234,	23,	'Kabupaten Lembata',	'86611'),
  (235,	21,	'Kota Lhokseumawe',	'24352'),
  (236,	32,	'Kabupaten Lima Puluh Koto/Kota',	'26671'),
  (237,	17,	'Kabupaten Lingga',	'29811'),
  (238,	22,	'Kabupaten Lombok Barat',	'83311'),
  (239,	22,	'Kabupaten Lombok Tengah',	'83511'),
  (240,	22,	'Kabupaten Lombok Timur',	'83612'),
  (241,	22,	'Kabupaten Lombok Utara',	'83711'),
  (242,	33,	'Kota Lubuk Linggau',	'31614'),
  (243,	11,	'Kabupaten Lumajang',	'67319'),
  (244,	28,	'Kabupaten Luwu',	'91994'),
  (245,	28,	'Kabupaten Luwu Timur',	'92981'),
  (246,	28,	'Kabupaten Luwu Utara',	'92911'),
  (247,	11,	'Kabupaten Madiun',	'63153'),
  (248,	11,	'Kota Madiun',	'63122'),
  (249,	10,	'Kabupaten Magelang',	'56519'),
  (250,	10,	'Kota Magelang',	'56133'),
  (251,	11,	'Kabupaten Magetan',	'63314'),
  (252,	9,	'Kabupaten Majalengka',	'45412'),
  (253,	27,	'Kabupaten Majene',	'91411'),
  (254,	28,	'Kota Makassar',	'90111'),
  (255,	11,	'Kabupaten Malang',	'65163'),
  (256,	11,	'Kota Malang',	'65112'),
  (257,	16,	'Kabupaten Malinau',	'77511'),
  (258,	19,	'Kabupaten Maluku Barat Daya',	'97451'),
  (259,	19,	'Kabupaten Maluku Tengah',	'97513'),
  (260,	19,	'Kabupaten Maluku Tenggara',	'97651'),
  (261,	19,	'Kabupaten Maluku Tenggara Barat',	'97465'),
  (262,	27,	'Kabupaten Mamasa',	'91362'),
  (263,	24,	'Kabupaten Mamberamo Raya',	'99381'),
  (264,	24,	'Kabupaten Mamberamo Tengah',	'99553'),
  (265,	27,	'Kabupaten Mamuju',	'91519'),
  (266,	27,	'Kabupaten Mamuju Utara',	'91571'),
  (267,	31,	'Kota Manado',	'95247'),
  (268,	34,	'Kabupaten Mandailing Natal',	'22916'),
  (269,	23,	'Kabupaten Manggarai',	'86551'),
  (270,	23,	'Kabupaten Manggarai Barat',	'86711'),
  (271,	23,	'Kabupaten Manggarai Timur',	'86811'),
  (272,	25,	'Kabupaten Manokwari',	'98311'),
  (273,	25,	'Kabupaten Manokwari Selatan',	'98355'),
  (274,	24,	'Kabupaten Mappi',	'99853'),
  (275,	28,	'Kabupaten Maros',	'90511'),
  (276,	22,	'Kota Mataram',	'83131'),
  (277,	25,	'Kabupaten Maybrat',	'98051'),
  (278,	34,	'Kota Medan',	'20228'),
  (279,	12,	'Kabupaten Melawi',	'78619'),
  (280,	8,	'Kabupaten Merangin',	'37319'),
  (281,	24,	'Kabupaten Merauke',	'99613'),
  (282,	18,	'Kabupaten Mesuji',	'34911'),
  (283,	18,	'Kota Metro',	'34111'),
  (284,	24,	'Kabupaten Mimika',	'99962'),
  (285,	31,	'Kabupaten Minahasa',	'95614'),
  (286,	31,	'Kabupaten Minahasa Selatan',	'95914'),
  (287,	31,	'Kabupaten Minahasa Tenggara',	'95995'),
  (288,	31,	'Kabupaten Minahasa Utara',	'95316'),
  (289,	11,	'Kabupaten Mojokerto',	'61382'),
  (290,	11,	'Kota Mojokerto',	'61316'),
  (291,	29,	'Kabupaten Morowali',	'94911'),
  (292,	33,	'Kabupaten Muara Enim',	'31315'),
  (293,	8,	'Kabupaten Muaro Jambi',	'36311'),
  (294,	4,	'Kabupaten Muko Muko',	'38715'),
  (295,	30,	'Kabupaten Muna',	'93611'),
  (296,	14,	'Kabupaten Murung Raya',	'73911'),
  (297,	33,	'Kabupaten Musi Banyuasin',	'30719'),
  (298,	33,	'Kabupaten Musi Rawas',	'31661'),
  (299,	24,	'Kabupaten Nabire',	'98816'),
  (300,	21,	'Kabupaten Nagan Raya',	'23674'),
  (301,	23,	'Kabupaten Nagekeo',	'86911'),
  (302,	17,	'Kabupaten Natuna',	'29711'),
  (303,	24,	'Kabupaten Nduga',	'99541'),
  (304,	23,	'Kabupaten Ngada',	'86413'),
  (305,	11,	'Kabupaten Nganjuk',	'64414'),
  (306,	11,	'Kabupaten Ngawi',	'63219'),
  (307,	34,	'Kabupaten Nias',	'22876'),
  (308,	34,	'Kabupaten Nias Barat',	'22895'),
  (309,	34,	'Kabupaten Nias Selatan',	'22865'),
  (310,	34,	'Kabupaten Nias Utara',	'22856'),
  (311,	16,	'Kabupaten Nunukan',	'77421'),
  (312,	33,	'Kabupaten Ogan Ilir',	'30811'),
  (313,	33,	'Kabupaten Ogan Komering Ilir',	'30618'),
  (314,	33,	'Kabupaten Ogan Komering Ulu',	'32112'),
  (315,	33,	'Kabupaten Ogan Komering Ulu Selatan',	'32211'),
  (316,	33,	'Kabupaten Ogan Komering Ulu Timur',	'32312'),
  (317,	11,	'Kabupaten Pacitan',	'63512'),
  (318,	32,	'Kota Padang',	'25112'),
  (319,	34,	'Kabupaten Padang Lawas',	'22763'),
  (320,	34,	'Kabupaten Padang Lawas Utara',	'22753'),
  (321,	32,	'Kota Padang Panjang',	'27122'),
  (322,	32,	'Kabupaten Padang Pariaman',	'25583'),
  (323,	34,	'Kota Padang Sidempuan',	'22727'),
  (324,	33,	'Kota Pagar Alam',	'31512'),
  (325,	34,	'Kabupaten Pakpak Bharat',	'22272'),
  (326,	14,	'Kota Palangka Raya',	'73112'),
  (327,	33,	'Kota Palembang',	'31512'),
  (328,	28,	'Kota Palopo',	'91911'),
  (329,	29,	'Kota Palu',	'94111'),
  (330,	11,	'Kabupaten Pamekasan',	'69319'),
  (331,	3,	'Kabupaten Pandeglang',	'42212'),
  (332,	9,	'Kabupaten Pangandaran',	'46511'),
  (333,	28,	'Kabupaten Pangkajene Kepulauan',	'90611'),
  (334,	2,	'Kota Pangkal Pinang',	'33115'),
  (335,	24,	'Kabupaten Paniai',	'98765'),
  (336,	28,	'Kota Parepare',	'91123'),
  (337,	32,	'Kota Pariaman',	'25511'),
  (338,	29,	'Kabupaten Parigi Moutong',	'94411'),
  (339,	32,	'Kabupaten Pasaman',	'26318'),
  (340,	32,	'Kabupaten Pasaman Barat',	'26511'),
  (341,	15,	'Kabupaten Paser',	'76211'),
  (342,	11,	'Kabupaten Pasuruan',	'67153'),
  (343,	11,	'Kota Pasuruan',	'67118'),
  (344,	10,	'Kabupaten Pati',	'59114'),
  (345,	32,	'Kota Payakumbuh',	'26213'),
  (346,	25,	'Kabupaten Pegunungan Arfak',	'98354'),
  (347,	24,	'Kabupaten Pegunungan Bintang',	'99573'),
  (348,	10,	'Kabupaten Pekalongan',	'51161'),
  (349,	10,	'Kota Pekalongan',	'51122'),
  (350,	26,	'Kota Pekanbaru',	'28112'),
  (351,	26,	'Kabupaten Pelalawan',	'28311'),
  (352,	10,	'Kabupaten Pemalang',	'52319'),
  (353,	34,	'Kota Pematang Siantar',	'21126'),
  (354,	15,	'Kabupaten Penajam Paser Utara',	'76311'),
  (355,	18,	'Kabupaten Pesawaran',	'35312'),
  (356,	18,	'Kabupaten Pesisir Barat',	'35974'),
  (357,	32,	'Kabupaten Pesisir Selatan',	'25611'),
  (358,	21,	'Kabupaten Pidie',	'24116'),
  (359,	21,	'Kabupaten Pidie Jaya',	'24186'),
  (360,	28,	'Kabupaten Pinrang',	'91251'),
  (361,	7,	'Kabupaten Pohuwato',	'96419'),
  (362,	27,	'Kabupaten Polewali Mandar',	'91311'),
  (363,	11,	'Kabupaten Ponorogo',	'63411'),
  (364,	12,	'Kabupaten Pontianak',	'78971'),
  (365,	12,	'Kota Pontianak',	'78112'),
  (366,	29,	'Kabupaten Poso',	'94615'),
  (367,	33,	'Kota Prabumulih',	'31121'),
  (368,	18,	'Kabupaten Pringsewu',	'35719'),
  (369,	11,	'Kabupaten Probolinggo',	'67282'),
  (370,	11,	'Kota Probolinggo',	'67215'),
  (371,	14,	'Kabupaten Pulang Pisau',	'74811'),
  (372,	20,	'Kabupaten Pulau Morotai',	'97771'),
  (373,	24,	'Kabupaten Puncak',	'98981'),
  (374,	24,	'Kabupaten Puncak Jaya',	'98979'),
  (375,	10,	'Kabupaten Purbalingga',	'53312'),
  (376,	9,	'Kabupaten Purwakarta',	'41119'),
  (377,	10,	'Kabupaten Purworejo',	'54111'),
  (378,	25,	'Kabupaten Raja Ampat',	'98489'),
  (379,	4,	'Kabupaten Rejang Lebong',	'39112'),
  (380,	10,	'Kabupaten Rembang',	'59219'),
  (381,	26,	'Kabupaten Rokan Hilir',	'28992'),
  (382,	26,	'Kabupaten Rokan Hulu',	'28511'),
  (383,	23,	'Kabupaten Rote Ndao',	'85982'),
  (384,	21,	'Kota Sabang',	'23512'),
  (385,	23,	'Kabupaten Sabu Raijua',	'85391'),
  (386,	10,	'Kota Salatiga',	'50711'),
  (387,	15,	'Kota Samarinda',	'75133'),
  (388,	12,	'Kabupaten Sambas',	'79453'),
  (389,	34,	'Kabupaten Samosir',	'22392'),
  (390,	11,	'Kabupaten Sampang',	'69219'),
  (391,	12,	'Kabupaten Sanggau',	'78557'),
  (392,	24,	'Kabupaten Sarmi',	'99373'),
  (393,	8,	'Kabupaten Sarolangun',	'37419'),
  (394,	32,	'Kota Sawah Lunto',	'27416'),
  (395,	12,	'Kabupaten Sekadau',	'79583'),
  (396,	28,	'Kabupaten Selayar (Kepulauan Selayar)',	'92812'),
  (397,	4,	'Kabupaten Seluma',	'38811'),
  (398,	10,	'Kabupaten Semarang',	'50511'),
  (399,	10,	'Kota Semarang',	'50135'),
  (400,	19,	'Kabupaten Seram Bagian Barat',	'97561'),
  (401,	19,	'Kabupaten Seram Bagian Timur',	'97581'),
  (402,	3,	'Kabupaten Serang',	'42182'),
  (403,	3,	'Kota Serang',	'42111'),
  (404,	34,	'Kabupaten Serdang Bedagai',	'20915'),
  (405,	14,	'Kabupaten Seruyan',	'74211'),
  (406,	26,	'Kabupaten Siak',	'28623'),
  (407,	34,	'Kota Sibolga',	'22522'),
  (408,	28,	'Kabupaten Sidenreng Rappang/Rapang',	'91613'),
  (409,	11,	'Kabupaten Sidoarjo',	'61219'),
  (410,	29,	'Kabupaten Sigi',	'94364'),
  (411,	32,	'Kabupaten Sijunjung (Sawah Lunto Sijunjung)',	'27511'),
  (412,	23,	'Kabupaten Sikka',	'86121'),
  (413,	34,	'Kabupaten Simalungun',	'21162'),
  (414,	21,	'Kabupaten Simeulue',	'23891'),
  (415,	12,	'Kota Singkawang',	'79117'),
  (416,	28,	'Kabupaten Sinjai',	'92615'),
  (417,	12,	'Kabupaten Sintang',	'78619'),
  (418,	11,	'Kabupaten Situbondo',	'68316'),
  (419,	5,	'Kabupaten Sleman',	'55513'),
  (420,	32,	'Kabupaten Solok',	'27365'),
  (421,	32,	'Kota Solok',	'27315'),
  (422,	32,	'Kabupaten Solok Selatan',	'27779'),
  (423,	28,	'Kabupaten Soppeng',	'90812'),
  (424,	25,	'Kabupaten Sorong',	'98431'),
  (425,	25,	'Kota Sorong',	'98411'),
  (426,	25,	'Kabupaten Sorong Selatan',	'98454'),
  (427,	10,	'Kabupaten Sragen',	'57211'),
  (428,	9,	'Kabupaten Subang',	'41215'),
  (429,	21,	'Kota Subulussalam',	'24882'),
  (430,	9,	'Kabupaten Sukabumi',	'43311'),
  (431,	9,	'Kota Sukabumi',	'43114'),
  (432,	14,	'Kabupaten Sukamara',	'74712'),
  (433,	10,	'Kabupaten Sukoharjo',	'57514'),
  (434,	23,	'Kabupaten Sumba Barat',	'87219'),
  (435,	23,	'Kabupaten Sumba Barat Daya',	'87453'),
  (436,	23,	'Kabupaten Sumba Tengah',	'87358'),
  (437,	23,	'Kabupaten Sumba Timur',	'87112'),
  (438,	22,	'Kabupaten Sumbawa',	'84315'),
  (439,	22,	'Kabupaten Sumbawa Barat',	'84419'),
  (440,	9,	'Kabupaten Sumedang',	'45326'),
  (441,	11,	'Kabupaten Sumenep',	'69413'),
  (442,	8,	'Kota Sungaipenuh',	'37113'),
  (443,	24,	'Kabupaten Supiori',	'98164'),
  (444,	11,	'Kota Surabaya',	'60119'),
  (445,	10,	'Kota Surakarta (Solo)',	'57113'),
  (446,	13,	'Kabupaten Tabalong',	'71513'),
  (447,	1,	'Kabupaten Tabanan',	'82119'),
  (448,	28,	'Kabupaten Takalar',	'92212'),
  (449,	25,	'Kabupaten Tambrauw',	'98475'),
  (450,	16,	'Kabupaten Tana Tidung',	'77611'),
  (451,	28,	'Kabupaten Tana Toraja',	'91819'),
  (452,	13,	'Kabupaten Tanah Bumbu',	'72211'),
  (453,	32,	'Kabupaten Tanah Datar',	'27211'),
  (454,	13,	'Kabupaten Tanah Laut',	'70811'),
  (455,	3,	'Kabupaten Tangerang',	'15914'),
  (456,	3,	'Kota Tangerang',	'15111'),
  (457,	3,	'Kota Tangerang Selatan',	'15332'),
  (458,	18,	'Kabupaten Tanggamus',	'35619'),
  (459,	34,	'Kota Tanjung Balai',	'21321'),
  (460,	8,	'Kabupaten Tanjung Jabung Barat',	'36513'),
  (461,	8,	'Kabupaten Tanjung Jabung Timur',	'36719'),
  (462,	17,	'Kota Tanjung Pinang',	'29111'),
  (463,	34,	'Kabupaten Tapanuli Selatan',	'22742'),
  (464,	34,	'Kabupaten Tapanuli Tengah',	'22611'),
  (465,	34,	'Kabupaten Tapanuli Utara',	'22414'),
  (466,	13,	'Kabupaten Tapin',	'71119'),
  (467,	16,	'Kota Tarakan',	'77114'),
  (468,	9,	'Kabupaten Tasikmalaya',	'46411'),
  (469,	9,	'Kota Tasikmalaya',	'46116'),
  (470,	34,	'Kota Tebing Tinggi',	'20632'),
  (471,	8,	'Kabupaten Tebo',	'37519'),
  (472,	10,	'Kabupaten Tegal',	'52419'),
  (473,	10,	'Kota Tegal',	'52114'),
  (474,	25,	'Kabupaten Teluk Bintuni',	'98551'),
  (475,	25,	'Kabupaten Teluk Wondama',	'98591'),
  (476,	10,	'Kabupaten Temanggung',	'56212'),
  (477,	20,	'Kota Ternate',	'97714'),
  (478,	20,	'Kota Tidore Kepulauan',	'97815'),
  (479,	23,	'Kabupaten Timor Tengah Selatan',	'85562'),
  (480,	23,	'Kabupaten Timor Tengah Utara',	'85612'),
  (481,	34,	'Kabupaten Toba Samosir',	'22316'),
  (482,	29,	'Kabupaten Tojo Una-Una',	'94683'),
  (483,	29,	'Kabupaten Toli-Toli',	'94542'),
  (484,	24,	'Kabupaten Tolikara',	'99411'),
  (485,	31,	'Kota Tomohon',	'95416'),
  (486,	28,	'Kabupaten Toraja Utara',	'91831'),
  (487,	11,	'Kabupaten Trenggalek',	'66312'),
  (488,	19,	'Kota Tual',	'97612'),
  (489,	11,	'Kabupaten Tuban',	'62319'),
  (490,	18,	'Kabupaten Tulang Bawang',	'34613'),
  (491,	18,	'Kabupaten Tulang Bawang Barat',	'34419'),
  (492,	11,	'Kabupaten Tulungagung',	'66212'),
  (493,	28,	'Kabupaten Wajo',	'90911'),
  (494,	30,	'Kabupaten Wakatobi',	'93791'),
  (495,	24,	'Kabupaten Waropen',	'98269'),
  (496,	18,	'Kabupaten Way Kanan',	'34711'),
  (497,	10,	'Kabupaten Wonogiri',	'57619'),
  (498,	10,	'Kabupaten Wonosobo',	'56311'),
  (499,	24,	'Kabupaten Yahukimo',	'99041'),
  (500,	24,	'Kabupaten Yalimo',	'99481'),
  (501,	5,	'Kota Yogyakarta',	'55222')
;

DROP TABLE IF EXISTS `provinces`;
CREATE TABLE `provinces` (
  `province_id` int(11) NOT NULL,
  `province_name` varchar(255) DEFAULT NULL,
  PRIMARY KEY (`province_id`)
) ENGINE=InnoDB DEFAULT CHARSET=utf8;

INSERT INTO `provinces` (`province_id`, `province_name`) VALUES
  (1,	'Bali'),
  (2,	'Bangka Belitung'),
  (3,	'Banten'),
  (4,	'Bengkulu'),
  (5,	'DI Yogyakarta'),
  (6,	'DKI Jakarta'),
  (7,	'Gorontalo'),
  (8,	'Jambi'),
  (9,	'Jawa Barat'),
  (10,	'Jawa Tengah'),
  (11,	'Jawa Timur'),
  (12,	'Kalimantan Barat'),
  (13,	'Kalimantan Selatan'),
  (14,	'Kalimantan Tengah'),
  (15,	'Kalimantan Timur'),
  (16,	'Kalimantan Utara'),
  (17,	'Kepulauan Riau'),
  (18,	'Lampung'),
  (19,	'Maluku'),
  (20,	'Maluku Utara'),
  (21,	'Nanggroe Aceh Darussalam (NAD)'),
  (22,	'Nusa Tenggara Barat (NTB)'),
  (23,	'Nusa Tenggara Timur (NTT)'),
  (24,	'Papua'),
  (25,	'Papua Barat'),
  (26,	'Riau'),
  (27,	'Sulawesi Barat'),
  (28,	'Sulawesi Selatan'),
  (29,	'Sulawesi Tengah'),
  (30,	'Sulawesi Tenggara'),
  (31,	'Sulawesi Utara'),
  (32,	'Sumatera Barat'),
  (33,	'Sumatera Selatan'),
  (34,	'Sumatera Utara')
;

UPDATE products a
SET a.originalPrice = ROUND(a.price * 0.8);






